source_id,kind,group,topic,set,location,status,question
1,Theory,Java Foundations,Core Java,1,Part D,NEW ✨ (pending),What are the advantages and disadvantages of using Java for Enterprise-level development?
2,Theory,Java Foundations,Java Ecosystem,49,Part G,NEW ✨ (pending),How do you keep up with the continuous evolution of the Java ecosystem?
3,Theory,Engineering Setup,Lombok / IDE,1,EXISTING TECHNICAL,EXISTING,How can we add Lombok in IntelliJ or whatever IDE?
4,Job Experience,Engineering Setup,Development Environment,1,EXPERIENCE ANCHOR,EXISTING ANCHOR,What's your preferred development environment and tool set for Spring Boot application?
5,Job Experience,Engineering Setup,Development Tools,1,ORIGINAL-ANCHOR APPENDIX,EXISTING APPENDIX,Can you tell me the tools that you are familiar with while working as a Java developer?
6,Job Experience,Engineering Setup,IDE,1,ORIGINAL-ANCHOR APPENDIX,EXISTING APPENDIX,Which editor are you using?
7,Job Experience,Engineering Setup,IDE,1,ORIGINAL-ANCHOR APPENDIX,EXISTING APPENDIX,Which editor do you use for your current project?
8,Job Experience,Engineering Setup,IDE,1,ORIGINAL-ANCHOR APPENDIX,EXISTING APPENDIX,"Do you use Eclipse, IntelliJ, or another IDE?"
10,Job Experience,Engineering Setup,IntelliJ IDEA,1,ORIGINAL-ANCHOR APPENDIX,EXISTING APPENDIX,Can you tell me a few shortcuts of IntelliJ?
11,Job Experience,Engineering Setup,IntelliJ IDEA,1,ORIGINAL-ANCHOR APPENDIX,EXISTING APPENDIX,Which IntelliJ IDEA Keyboard Shortcuts do you commonly use?
12,Job Experience,Engineering Setup,STS / IDE,1,ORIGINAL-ANCHOR APPENDIX,EXISTING APPENDIX,Tell me a few shortcuts that you know about STS.
13,Theory,Java Foundations,JVM,1,EXISTING TECHNICAL,EXISTING,What is the role of the JVM in making Java platform-independent?
14,Theory,Java Foundations,JDK / JRE,1,EXISTING TECHNICAL,EXISTING,Can a machine have multiple versions of JDK or JRE installed?
15,Theory,Java Foundations,JVM,1,EXISTING TECHNICAL,EXISTING,Can you tell me what JVM is and how it works?
16,Theory,Java Foundations,JVM / Execution,1,Part D,NEW ✨ (pending),"If you were explaining to new developers how Java code executes, how would you describe the role of JVM in running a simple Java program that prints Hello World?"
17,Theory,Java Foundations,JVM / JDK / JRE,1,EXISTING TECHNICAL,EXISTING,"Can you tell me the difference between JDK, JRE and JVM?"
18,Theory,Java Foundations,Core Java / Main Method,2,EXISTING TECHNICAL,EXISTING,Can you explain public static void main(String[] args) and why each term is used?
19,Theory,Java Foundations,Core Java / Main Method,8,Part B,NEW ✨ (pending),Can we overload the main() method?
21,Theory,Java Foundations,Core Java / Main Method,8,Part B,NEW ✨ (pending),What will happen if we don't declare the main() method as static?
22,Theory,Java Foundations,Main Method,8,Part B,NEW ✨ (pending),Why is the main method public and static?
23,Theory,Java Foundations,Main Method,8,Part B,NEW ✨ (pending),Can we override this main method?
25,Theory,Java Foundations,Main Method,1,Part E,NEW ✨ (pending),"If the main() method is overloaded, can the JVM directly execute the overloaded version?"
26,Theory,Java Fundamentals,Core Java / Type Casting,5,Part D,NEW ✨ (pending),What is Type Casting in Java?
27,Theory,Java Fundamentals,Static Variables,8,Part F,NEW ✨ (pending),What are static variables?
28,Theory,Java Fundamentals,Core Java / Conversion,5,Part D,NEW ✨ (pending),How do you convert an Integer to a String and a String to an Integer?
29,Theory,Java Fundamentals,Core Java / Pointers,5,Part D,NEW ✨ (pending),Can we declare Pointers in Java?
30,Theory,Java Fundamentals,Core Java / Pointers,5,Part D,NEW ✨ (pending),Why doesn't Java provide explicit Pointers like C or C++?
32,Theory,Java Fundamentals,Core Java / Primitive Types,5,Part D,NEW ✨ (pending),Can Primitive Data Types be null in Java?
33,Theory,Java Fundamentals,Core Java / Type Casting,5,Part D,NEW ✨ (pending),Which Exception may be thrown while performing an invalid Type Conversion or Casting?
34,Theory,Java Fundamentals,Primitive Data Types,5,Part G,NEW ✨ (pending),Can primitive data types store a null value?
35,Theory,Java Fundamentals,Core Java / instanceof,10,Part B,NEW ✨ (pending),What is the purpose of the instanceof Operator?
36,Theory,Java Fundamentals,Core Java,5,Part D,NEW ✨ (pending),Do you know the meaning of Pass by Value and Pass by Reference in Java?
37,Theory,Java Fundamentals,Core Java / System.exit,2,EXISTING TECHNICAL,EXISTING,Do you know about System.exit() in Java?
38,Theory,Java Fundamentals,Core Java / System.exit,2,EXISTING TECHNICAL,EXISTING,What happens internally when System.exit() is called?
39,Job Experience,Java Fundamentals,Core Java / System.exit,2,EXPERIENCE ANCHOR,EXISTING ANCHOR,Did you get a chance to use System.exit() in your project?
40,Job Experience,Java Fundamentals,Project Methodology,3,EXPERIENCE ANCHOR,EXISTING ANCHOR,Can you tell me your project methodology? Is it based on Agile or Waterfall model?
41,Coding,Java Fundamentals,Arrays,29,Part B,NEW ✨ (pending),"If you are given an array of integers and your task is to remove duplicate elements and make the array contain unique numbers, how will you do that in Java?"
42,Coding,Java Fundamentals,Arrays,29,Part B,NEW ✨ (pending),"Merge two unsorted arrays into a single sorted array. How would you solve it, including with Stream API?"
43,Coding,Java Fundamentals,Arrays,29,Part B,NEW ✨ (pending),You are given an array containing only 0 and 1. Shift all the zeros to the left side and all the ones to the right side. What approach would you take?
44,Coding,Java Fundamentals,Arrays,29,Part B,NEW ✨ (pending),You are given an array containing zeros and other numbers. Move all zeros to the right side and all other elements to the left. What logic would you use?
45,Coding,Java Fundamentals,Arrays,29,Part B,NEW ✨ (pending),Can we sort an array using only one loop?
46,Coding,Java Fundamentals,Arrays,29,Part B,NEW ✨ (pending),"Given a sorted Array containing duplicates, remove the duplicate elements by modifying the same Array. How would you approach it?"
48,Theory,Java Fundamentals,String / Security,4,Part B,NEW ✨ (pending),Why do we prefer using a char[] to store passwords instead of String?
49,Theory,Java Fundamentals,String Pool,4,Part B,NEW ✨ (pending),Are there scenarios where using the String Pool might not be beneficial?
50,Theory,Java Fundamentals,StringBuilder / StringBuffer,4,EXISTING TECHNICAL,EXISTING,Can you discuss a scenario where StringBuilder is preferable over StringBuffer?
51,Theory,Java Fundamentals,StringBuilder / StringBuffer,4,EXISTING TECHNICAL,EXISTING,"If you want a mutable version of String, what would you use?"
52,Theory,Java Fundamentals,StringBuilder / StringBuffer,4,EXISTING TECHNICAL,EXISTING,Why are you not using StringBuffer?
54,Coding,Java Fundamentals,String,4,Part B,NEW ✨ (pending),"In a text-editor feature, you need to reverse comments or text efficiently for large text blocks. How would you implement it?"
55,Theory,Java Fundamentals,String Internals,4,EXISTING TECHNICAL,EXISTING,What happens internally when you concatenate two String objects using the + operator?
56,Coding,Java Fundamentals,Strings,4,Part B,NEW ✨ (pending),You are given a list of strings and have to arrange the strings into groups based on character similarity. How would you solve it?
57,Coding,Java Fundamentals,Strings,4,Part B,NEW ✨ (pending),"You are given two Strings, one main String and one substring. Check whether the substring exists in the main String without using direct built-in substring-checking methods."
58,Coding,Java Fundamentals,Strings,4,Part B,NEW ✨ (pending),Write a program to find the first non-repeating character in a String.
59,Coding,Java Fundamentals,Strings,4,Part B,NEW ✨ (pending),"You are given a String containing numbers followed by alphabets, such as 3a2b. Produce output equivalent to three a characters and two b characters. How would you solve it?"
60,Coding,Java Fundamentals,Strings,4,Part C,NEW ✨ (pending),Find the Longest Palindromic Substring in a given String.
62,Job Experience,Java Fundamentals,StringBuilder / StringBuffer,4,EXPERIENCE ANCHOR,EXISTING ANCHOR,Have you worked with StringBuilder and StringBuffer?
63,Theory,Object-Oriented Java,Object Creation,5,Part S,NEW ✨ (pending),What are the ways to create an object in Java?
64,Theory,Object-Oriented Java,OOP,5,Part R,NEW ✨ (pending),What are the advantages of Java being partially object-oriented?
66,Theory,Object-Oriented Java,OOP,5,EXISTING TECHNICAL,EXISTING,What is meant by Code Reusability in OOP?
67,Theory,Object-Oriented Java,Classes,5,Part J,NEW ✨ (pending),Can a class in Java exist without any methods or fields?
69,Theory,Object-Oriented Java,Classes & Objects,5,EXISTING TECHNICAL,EXISTING,Can you explain the concepts of classes and objects?
70,Theory,Object-Oriented Java,Classes & Objects,5,Part J,NEW ✨ (pending),Can you provide a real-world example of a class and an object?
72,Theory,Object-Oriented Java,Object Creation,5,Part S,NEW ✨ (pending),Can a Java Object be created without calling its Constructor?
74,Theory,Object-Oriented Java,Object Lifecycle,5,Part S,NEW ✨ (pending),Can you tell me the lifecycle of an object from creation to Garbage Collection?
75,Theory,Object-Oriented Java,OOP,5,EXISTING TECHNICAL,EXISTING,"Why was OOP introduced in Java? Don't tell me the four pillars, just tell me why OOP was introduced and what benefits it provides."
76,Theory,Object-Oriented Java,OOP,5,Part S,NEW ✨ (pending),Is Java a 100% object-oriented programming language?
78,Theory,Object-Oriented Java,OOP,5,EXISTING TECHNICAL,EXISTING,How does abstraction differ from encapsulation?
82,Theory,Object-Oriented Java,OOP,5,Part S,NEW ✨ (pending),Is there any benefit of Java being partially object-oriented?
83,Theory,Object-Oriented Java,OOP,5,EXISTING TECHNICAL,EXISTING,"What is the difference between Association, Aggregation and Composition?"
84,Theory,Object-Oriented Java,Object Creation,5,Part S,NEW ✨ (pending),What happens internally when you create an object in Java?
85,Job Experience,Object-Oriented Java,OOP,5,EXPERIENCE ANCHOR,EXISTING ANCHOR,What's the use of object-oriented programming in enterprise projects?
86,Job Experience,Object-Oriented Java,OOP,5,ORIGINAL-ANCHOR APPENDIX,EXISTING APPENDIX,How is OOP playing an important role in your project?
87,Job Experience,Object-Oriented Java,OOP,5,ORIGINAL-ANCHOR APPENDIX,EXISTING APPENDIX,How are OOP concepts very important in our development projects?
88,Theory,Object-Oriented Java,Constructor,5,Part J,NEW ✨ (pending),What is a Constructor?
89,Theory,Object-Oriented Java,Constructor,5,Part J,NEW ✨ (pending),Can a constructor be private?
93,Theory,Object-Oriented Java,Constructor,5,Part J,NEW ✨ (pending),Can a Constructor be overloaded?
95,Theory,Object-Oriented Java,Constructor,5,Part J,NEW ✨ (pending),What's the use case for using different Constructors?
96,Theory,Object-Oriented Java,Constructor,5,Part K,NEW ✨ (pending),Can we call both super() and this() in the same constructor?
97,Theory,Object-Oriented Java,Constructor,5,Part K,NEW ✨ (pending),Can constructors be overridden in Java?
98,Theory,Object-Oriented Java,Constructor,5,Part K,NEW ✨ (pending),"Can a Constructor be static, final, or abstract?"
99,Theory,Object-Oriented Java,Constructor,5,Part K,NEW ✨ (pending),Can a Constructor return anything?
100,Theory,Object-Oriented Java,Constructor,5,Part K,NEW ✨ (pending),What happens if we put a return statement inside a Constructor?
101,Theory,Object-Oriented Java,Constructor,5,Part K,NEW ✨ (pending),Why does a Constructor have the same name as its Class?
102,Theory,Object-Oriented Java,Constructor,5,Part K,NEW ✨ (pending),What happens if a Class defines only a Parameterized Constructor and you try to create the Object using a No-Argument Constructor?
103,Theory,Object-Oriented Java,Constructor,5,Part L,NEW ✨ (pending),"What is a No-Argument Constructor, and why is it important?"
104,Theory,Object-Oriented Java,Core Java / Packages,5,Part M,NEW ✨ (pending),What are the best practices for naming Java Packages?
105,Theory,Object-Oriented Java,Core Java / Static Import,8,Part G,NEW ✨ (pending),"What is a Static Import in Java, and how is it different from a normal Import?"
106,Theory,Object-Oriented Java,Access Modifiers,5,Part I,NEW ✨ (pending),Can a top-level class be private or protected?
107,Theory,Object-Oriented Java,Access Modifiers,5,Part I,NEW ✨ (pending),Can a Method be declared both private and protected at the same time?
110,Theory,Object-Oriented Java,Core Java / Packages,5,Part M,NEW ✨ (pending),"In a complex project, how would you structure your Packages for maximum efficiency and maintainability?"
111,Theory,Object-Oriented Java,Encapsulation,5,EXISTING TECHNICAL,EXISTING,How does encapsulation enhance software security and integrity?
112,Theory,Object-Oriented Java,Encapsulation,5,Part M,NEW ✨ (pending),Why do we use Getters and Setters instead of making fields public and accessing them directly?
114,Theory,Object-Oriented Java,Java Packages,5,Part Q,NEW ✨ (pending),Can you tell me the use case of packages? Why do we use them?
115,Theory,Object-Oriented Java,Java Packages,5,Part Q,NEW ✨ (pending),What happens if two packages have the same class name?
118,Theory,Object-Oriented Java,Static Block,8,Part G,NEW ✨ (pending),What is the use of static block?
120,Theory,Object-Oriented Java,Constructor / Static Block,8,Part G,NEW ✨ (pending),"Since a Static Block executes before a Constructor, can a Static Block replace a Constructor?"
121,Theory,Object-Oriented Java,Core Java / Final,6,EXISTING TECHNICAL,EXISTING,"What is the difference between final, Effectively Final and Immutable?"
123,Theory,Object-Oriented Java,Core Java / Final & Abstract,7,EXISTING TECHNICAL,EXISTING,Can a Class be both final and abstract at the same time?
124,Theory,Object-Oriented Java,Final Keyword,6,EXISTING TECHNICAL,EXISTING,Can we modify a final object reference?
127,Theory,Object-Oriented Java,Final Keyword,6,EXISTING TECHNICAL,EXISTING,"Can you explain the final keyword for a final variable, final method and final class?"
129,Theory,Object-Oriented Java,Final Keyword,6,EXISTING TECHNICAL,EXISTING,What happens when we use final with a method?
130,Theory,Object-Oriented Java,Final Keyword,6,EXISTING TECHNICAL,EXISTING,Discuss a scenario where the final keyword significantly impacts the design of a Java program.
131,Theory,Object-Oriented Java,Static Block,8,Part G,NEW ✨ (pending),Can a static block throw an exception?
135,Theory,Object-Oriented Java,Static Block,8,Part G,NEW ✨ (pending),Can we have multiple static blocks in code?
137,Theory,Object-Oriented Java,Static Block,8,Part G,NEW ✨ (pending),Why does the static block execute before the main method?
138,Theory,Object-Oriented Java,Static Block,8,Part H,NEW ✨ (pending),Can you delay a Static Block from executing until a Method is called?
139,Theory,Object-Oriented Java,Static Block / Main Method,8,Part H,NEW ✨ (pending),Can we print something on console without using the main method in Java?
140,Theory,Object-Oriented Java,Static Keyword,8,EXISTING TECHNICAL,EXISTING,Are you aware of the static keyword in Java?
141,Theory,Object-Oriented Java,Static Methods,8,EXISTING TECHNICAL,EXISTING,Can you override static methods in Java?
144,Theory,Object-Oriented Java,Static Methods,8,EXISTING TECHNICAL,EXISTING,Can we call a non-static instance variable or method from a static method? Why can't we call it directly?
145,Theory,Object-Oriented Java,Static Methods,8,EXISTING TECHNICAL,EXISTING,What's the use of a static method? Why do we use it?
146,Theory,Object-Oriented Java,Static Methods,8,Part H,NEW ✨ (pending),Can a static method be overridden?
147,Theory,Object-Oriented Java,Static Methods,8,Part H,NEW ✨ (pending),Is it possible to access Non-Static Members from inside a Static Method?
148,Theory,Object-Oriented Java,Static Methods,8,EXISTING TECHNICAL,EXISTING,What happens if you call a Static Method using a null Object Reference?
149,Coding,Object-Oriented Java,Static Methods,8,EXISTING TECHNICAL,EXISTING,What happens when a static main() method directly calls a non-static method without creating an Object?
150,Job Experience,Object-Oriented Java,Final Keyword,6,EXPERIENCE ANCHOR,EXISTING ANCHOR,Have you used the final keyword in your project ever?
151,Job Experience,Object-Oriented Java,Final Keyword,7,EXPERIENCE ANCHOR,EXISTING ANCHOR,Can you tell me a real-world or real-time use case of the final keyword?
152,Job Experience,Object-Oriented Java,Static Methods,8,EXPERIENCE ANCHOR,EXISTING ANCHOR,Have you written any static methods?
153,Theory,Object-Oriented Java,Constructor / Inheritance,5,Part L,NEW ✨ (pending),"What is Constructor Chaining, and how is it handled in Inheritance?"
154,Theory,Object-Oriented Java,Inheritance,5,Part M,NEW ✨ (pending),Have you heard about Hybrid Inheritance?
155,Theory,Object-Oriented Java,Inheritance / Diamond Problem,5,Part N,NEW ✨ (pending),"What is the Diamond Problem in Java, and how can we address it?"
156,Theory,Object-Oriented Java,Composition / Inheritance,5,Part J,NEW ✨ (pending),"In Java, what does the principle ""Composition over Inheritance"" mean?"
157,Theory,Object-Oriented Java,Constructor / Inheritance,5,Part L,NEW ✨ (pending),"If class B extends class A and both have constructors, which constructor is called first when creating an object of B?"
158,Theory,Object-Oriented Java,Constructor / Inheritance,5,Part L,NEW ✨ (pending),What happens if the parent has no default constructor but only a parameterized constructor?
159,Theory,Object-Oriented Java,Constructor / Inheritance,5,Part L,NEW ✨ (pending),Why must a super() Constructor call be the first statement in a Constructor?
160,Theory,Object-Oriented Java,Final Keyword / Inheritance,6,EXISTING TECHNICAL,EXISTING,What's the impact of declaring a method as final on inheritance?
162,Theory,Object-Oriented Java,Inheritance,5,Part M,NEW ✨ (pending),Can you please explain the concept of inheritance in Java and its types?
163,Theory,Object-Oriented Java,Inheritance,5,Part M,NEW ✨ (pending),Can a class extend itself?
164,Theory,Object-Oriented Java,Inheritance,5,Part M,NEW ✨ (pending),Is Multiple Inheritance possible in Java?
165,Theory,Object-Oriented Java,Inheritance,5,Part N,NEW ✨ (pending),How does Inheritance work in Java? Provide an example as well.
166,Theory,Object-Oriented Java,Inheritance / Access Modifiers,5,Part N,NEW ✨ (pending),Can you explain how Java handles access visibility in subclasses?
167,Theory,Object-Oriented Java,Inheritance / Design,5,Part N,NEW ✨ (pending),"If a Child Class completely changes the behavior of a Parent method so that it no longer fits the Parent's meaning, is Inheritance being misused?"
168,Theory,Object-Oriented Java,Inheritance / Super Keyword,5,Part O,NEW ✨ (pending),What happens if you use the super keyword in a Class that does not explicitly have a Superclass?
169,Theory,Object-Oriented Java,OOP / Inheritance / Composition,5,EXISTING TECHNICAL,EXISTING,Can you explain inheritance and composition in Java?
170,Theory,Object-Oriented Java,OOP / Multiple Inheritance,5,Part S,NEW ✨ (pending),"Why is multiple inheritance not possible, and how does an interface solve this problem?"
171,Theory,Object-Oriented Java,Static Methods / Inheritance,8,Part H,NEW ✨ (pending),"If both a Parent and Child Class define the same Static Method, which Method is called?"
173,Theory,Object-Oriented Java,Method Overriding,5,Part R,NEW ✨ (pending),What is a Covariant Return Type?
175,Theory,Object-Oriented Java,Constructor / Polymorphism,5,Part L,NEW ✨ (pending),"Can a Constructor call an Overridable Instance Method, and what risk does that create?"
176,Theory,Object-Oriented Java,Inheritance / Polymorphism,5,Part N,NEW ✨ (pending),How do Inheritance and Polymorphism work together?
177,Theory,Object-Oriented Java,Method Overloading,5,Part Q,NEW ✨ (pending),Do you know about method overloading?
178,Theory,Object-Oriented Java,Method Overloading,5,Part Q,NEW ✨ (pending),Can method overloading be determined at runtime?
179,Theory,Object-Oriented Java,Method Overloading,5,Part Q,NEW ✨ (pending),How does Java resolve a call to an overloaded method?
180,Theory,Object-Oriented Java,Method Overloading,5,Part Q,NEW ✨ (pending),What happens if we change only the return type in method overloading?
181,Theory,Object-Oriented Java,Method Overloading,5,Part R,NEW ✨ (pending),How will Java choose which overloaded method to call if one method takes int and the other takes Integer?
182,Theory,Object-Oriented Java,Method Overloading,5,Part R,NEW ✨ (pending),Can a Method be Overloaded by changing only its Return Type?
183,Theory,Object-Oriented Java,Method Overloading,5,Part R,NEW ✨ (pending),Give a scenario where Method Overloading could lead to errors if it is not properly managed.
184,Theory,Object-Oriented Java,Method Overloading,5,Part R,NEW ✨ (pending),You have overloaded methods getData(String) and getData(Object). Which one is called when you pass null?
185,Theory,Object-Oriented Java,Method Overriding / Access Modifiers,5,Part R,NEW ✨ (pending),Can an overriding Method reduce visibility from protected in the Parent Class to default access in the Child Class?
186,Theory,Object-Oriented Java,Polymorphism,5,EXISTING TECHNICAL,EXISTING,How does Java achieve polymorphism?
188,Theory,Object-Oriented Java,Polymorphism,5,Part T,NEW ✨ (pending),Can you provide a real-life example where polymorphism is beneficial?
189,Theory,Object-Oriented Java,Polymorphism,5,Part T,NEW ✨ (pending),Can you tell me how Java implements polymorphism?
190,Theory,Object-Oriented Java,Polymorphism,5,Part T,NEW ✨ (pending),Can you tell me the difference between method overloading and overriding and what their rules are?
192,Theory,Object-Oriented Java,Polymorphism / Access Modifiers,5,Part T,NEW ✨ (pending),Can changing access modifiers affect polymorphic behavior in an overridden method?
193,Theory,Object-Oriented Java,Polymorphism / Constructor,5,Part T,NEW ✨ (pending),What happens if you call a non-static method inside a constructor and that method is overridden in a subclass? Which method will execute?
194,Theory,Object-Oriented Java,Polymorphism / Constructor,5,Part T,NEW ✨ (pending),Can a Constructor be polymorphic?
195,Theory,Object-Oriented Java,Polymorphism / Dynamic Method Dispatch,5,Part U,NEW ✨ (pending),Do you know about dynamic method dispatch in Java?
196,Theory,Object-Oriented Java,Polymorphism / Fields,5,Part U,NEW ✨ (pending),Why does Method Overriding not work with Fields in Java?
198,Theory,Object-Oriented Java,Polymorphism / Inheritance,5,Part U,NEW ✨ (pending),"If you have a method that takes a superclass type as a parameter, can it work with objects of its subclass types?"
199,Theory,Object-Oriented Java,Polymorphism / Method Overloading & Overriding,5,Part U,NEW ✨ (pending),How does Java handle method overloading and overriding during runtime?
200,Theory,Object-Oriented Java,Polymorphism / Super Keyword,5,Part U,NEW ✨ (pending),"How does the super keyword play a role in polymorphism, especially in the context of method overriding?"
201,Theory,Object-Oriented Java,Polymorphism / System Design,5,Part U,NEW ✨ (pending),How would you design a Plug-in-Based System using Polymorphism?
202,Theory,Object-Oriented Java,Interface,5,Part O,NEW ✨ (pending),What is an Interface?
203,Theory,Object-Oriented Java,Interface / Java 8,5,Part P,NEW ✨ (pending),"What is a static method in an interface, and how is it different from a default method?"
204,Theory,Object-Oriented Java,Abstract Class / Constructor,5,Part G,NEW ✨ (pending),Can an Abstract Class have a Constructor even though the Abstract Class cannot be instantiated directly?
205,Theory,Object-Oriented Java,Abstract Class / Interface,5,Part G,NEW ✨ (pending),What's the difference between an abstract class and an interface?
208,Theory,Object-Oriented Java,Abstract Class / Interface,5,Part G,NEW ✨ (pending),"Since Java 8 introduced default and static methods in Interfaces, when should we still prefer Abstract Classes?"
209,Theory,Object-Oriented Java,Abstraction,5,Part G,NEW ✨ (pending),Can you provide examples where abstraction is effectively used in Java libraries?
211,Theory,Object-Oriented Java,Abstraction,5,Part G,NEW ✨ (pending),What does abstraction mean in Java?
212,Theory,Object-Oriented Java,Abstraction,5,Part H,NEW ✨ (pending),Can you provide a real-world example of abstraction outside Java?
213,Theory,Object-Oriented Java,Abstraction,5,Part H,NEW ✨ (pending),What happens if a class includes an abstract method?
215,Theory,Object-Oriented Java,Abstraction,5,Part H,NEW ✨ (pending),Can we achieve abstraction by using only an Abstract Class?
216,Theory,Object-Oriented Java,Abstraction,5,Part H,NEW ✨ (pending),What does it mean if a class contains an Abstract Method?
217,Theory,Object-Oriented Java,Abstraction,5,Part H,NEW ✨ (pending),Can we create an Object of an Abstract Class using an Anonymous Class?
218,Theory,Object-Oriented Java,Abstraction,5,Part H,NEW ✨ (pending),Can you provide examples of how Abstraction is effectively used in Java's Core Libraries?
219,Theory,Object-Oriented Java,Abstraction,5,Part H,NEW ✨ (pending),Can an Abstract Class exist without any Abstract Methods?
220,Theory,Object-Oriented Java,Abstraction,5,Part I,NEW ✨ (pending),Can you convert an Abstract Class to an Interface and vice versa?
221,Theory,Object-Oriented Java,Abstraction / Loose Coupling,5,EXISTING TECHNICAL,EXISTING,How does abstraction help in achieving loose coupling in a software application?
222,Theory,Object-Oriented Java,Inheritance / Interface,5,Part N,NEW ✨ (pending),Can we solve the multiple inheritance problem in Java using another approach such as Interface?
223,Theory,Object-Oriented Java,Interface,5,Part O,NEW ✨ (pending),"What is an interface in Java, and why do we use it if you cannot write anything concrete in it?"
224,Theory,Object-Oriented Java,Interface,7,EXISTING TECHNICAL,EXISTING,Can an Interface be declared final?
225,Theory,Object-Oriented Java,Interface,5,Part O,NEW ✨ (pending),Can an Interface be declared private inside another Class?
226,Theory,Object-Oriented Java,Interface / Default Methods,5,Part O,NEW ✨ (pending),"If two interfaces provide the same default method and your class implements both, how do you resolve the conflict?"
227,Theory,Object-Oriented Java,Interface / Default Methods,5,Part O,NEW ✨ (pending),A Class implements two Interfaces having the same Default Method. What happens?
229,Theory,Object-Oriented Java,Interface / Inheritance,5,Part P,NEW ✨ (pending),Can you provide examples of when to use an interface versus when to extend a class?
231,Theory,Object-Oriented Java,Interface / Java 8,5,Part P,NEW ✨ (pending),Why were default and static methods introduced in Java?
232,Theory,Object-Oriented Java,Interface / Java 8,5,Part P,NEW ✨ (pending),Can an Interface in Java contain static methods?
234,Theory,Object-Oriented Java,Interface / Multiple Inheritance,5,Part P,NEW ✨ (pending),Can Interfaces help in solving the Diamond Problem?
235,Theory,Object-Oriented Java,Interface / Static Methods,8,Part G,NEW ✨ (pending),How can static methods in an Interface be used?
236,Theory,Object-Oriented Java,Java Interface,5,Part P,NEW ✨ (pending),"Why were Default, Static, and Private Methods introduced in Java Interfaces?"
237,Theory,Object-Oriented Java,Java Interface,5,Part P,NEW ✨ (pending),Why can an Interface contain Default Methods but not normal Instance Variables?
239,Theory,Object-Oriented Java,Polymorphism / Abstraction,5,Part T,NEW ✨ (pending),Suppose you have a Shape class and subclasses Circle and Square. How would you design it so client code can calculate area without knowing the exact shape type?
240,Coding,Object-Oriented Java,Inheritance / Interface,5,Part N,NEW ✨ (pending),Can a class implement multiple Interfaces while extending only one Abstract Class?
241,Coding,Object-Oriented Java,Marker Interface,5,Part Q,NEW ✨ (pending),How does Java distinguish Classes that implement a Marker Interface from Classes that do not?
244,Theory,Object-Oriented Java,Core Java / Object Class,9,EXISTING TECHNICAL,EXISTING,"What methods are available in the Java Object class, and how are they used?"
245,Theory,Object-Oriented Java,Core Java / Object Class,5,Part L,NEW ✨ (pending),Why is Object designed as the Superclass of all Java Classes?
246,Theory,Object-Oriented Java,Equals / Custom Objects,9,EXISTING TECHNICAL,EXISTING,How would you handle a situation where you need to compare the content equality of two custom object instances?
248,Theory,Object-Oriented Java,equals / hashCode,9,EXISTING TECHNICAL,EXISTING,Why is it important to override hashCode() when you are overriding equals()?
249,Theory,Object-Oriented Java,equals / hashCode,9,EXISTING TECHNICAL,EXISTING,Can you describe how hashCode() and equals() work together in Collections?
250,Theory,Object-Oriented Java,equals / hashCode,9,Part B,NEW ✨ (pending),"In a HashMap, if you override equals() but not hashCode() in a class used as a key, what problems could arise?"
251,Theory,Object-Oriented Java,equals / hashCode,9,Part B,NEW ✨ (pending),"Between hashCode() and equals(), which method is executed first?"
252,Theory,Object-Oriented Java,equals / hashCode,9,Part B,NEW ✨ (pending),Do hashCode() and equals() always both execute?
254,Theory,Object-Oriented Java,equals / hashCode,9,Part B,NEW ✨ (pending),Why is it a bad idea to override equals() without overriding hashCode() in a class used in a HashMap?
255,Theory,Object-Oriented Java,equals / hashCode,9,Part B,NEW ✨ (pending),What's the importance of hashCode() and equals() methods?
256,Theory,Object-Oriented Java,equals / hashCode,9,EXISTING TECHNICAL,EXISTING,Can you tell me a scenario where we should override hashCode() and equals()?
257,Theory,Object-Oriented Java,equals / hashCode,9,EXISTING TECHNICAL,EXISTING,How can we override hashCode() and equals()? Can you tell me the steps?
259,Theory,Object-Oriented Java,equals / hashCode,9,Part C,NEW ✨ (pending),"If two objects are equal according to equals(), can their hash codes be different?"
260,Theory,Object-Oriented Java,equals / hashCode,9,EXISTING TECHNICAL,EXISTING,Do you know the contract between hashCode() and equals()?
261,Theory,Object-Oriented Java,Equals Method,9,Part B,NEW ✨ (pending),How can we override the equals() method?
262,Theory,Object-Oriented Java,Equals vs Reference Equality,10,EXISTING TECHNICAL,EXISTING,What's the difference between == and .equals() in Java?
264,Theory,Object-Oriented Java,Equals vs Reference Equality,9,Part B,NEW ✨ (pending),Tell me a scenario where == gives a true result and .equals() gives a false result.
266,Theory,Object-Oriented Java,String / Equals,10,EXISTING TECHNICAL,EXISTING,"How does the equals() method in String work, and how is it different from the == operator?"
267,Theory,Object-Oriented Java,String / Equals,10,EXISTING TECHNICAL,EXISTING,"In a user-authentication module, what issues could arise if we use == instead of equals() to compare credentials?"
268,Coding,Object-Oriented Java,equals / hashCode,9,Part C,NEW ✨ (pending),How would you implement equals() and hashCode() methods manually?
269,Job Experience,Object-Oriented Java,equals / hashCode,9,EXPERIENCE ANCHOR,EXISTING ANCHOR,Have you overridden hashCode() and equals() before?
270,Job Experience,Object-Oriented Java,Equals vs Reference Equality,10,EXPERIENCE ANCHOR,EXISTING ANCHOR,Have you used == and .equals() operators in your project?
272,Theory,Object-Oriented Java,Immutability,11,Part B,NEW ✨ (pending),What are the advantages and disadvantages of immutable objects in an application?
273,Theory,Object-Oriented Java,Autoboxing / Unboxing,5,Part I,NEW ✨ (pending),Do you know about Autoboxing and Unboxing?
274,Theory,Object-Oriented Java,Autoboxing / Unboxing,5,Part I,NEW ✨ (pending),Is there a scenario where Autoboxing or Unboxing could cause a NullPointerException?
275,Theory,Object-Oriented Java,Immutability,11,EXISTING TECHNICAL,EXISTING,Can we create immutable classes in Java?
276,Theory,Object-Oriented Java,Immutability,11,EXISTING TECHNICAL,EXISTING,How can we create an immutable class?
282,Theory,Object-Oriented Java,Immutability,11,EXISTING TECHNICAL,EXISTING,Why should we not have setter methods in an immutable class?
283,Theory,Object-Oriented Java,Immutability,11,EXISTING TECHNICAL,EXISTING,What makes an object immutable in Java?
284,Theory,Object-Oriented Java,Immutability,11,Part B,NEW ✨ (pending),Provide a scenario where using immutable objects would be advantageous over mutable ones.
285,Theory,Object-Oriented Java,Immutability,11,Part B,NEW ✨ (pending),Do we have any Java mechanism for handling immutable objects? What are immutable objects?
289,Theory,Object-Oriented Java,Immutability,11,Part B,NEW ✨ (pending),"If a class contains a Date, how do you ensure immutability?"
290,Theory,Object-Oriented Java,Immutability,98,EXISTING TECHNICAL,EXISTING,How would you refactor an existing code base to enforce immutability?
291,Theory,Object-Oriented Java,Immutability,11,EXISTING TECHNICAL,EXISTING,What does immutability mean in Java?
292,Theory,Object-Oriented Java,Immutability,11,Part B,NEW ✨ (pending),Can you name some predefined immutable classes in Java?
293,Theory,Object-Oriented Java,Immutability,11,Part B,NEW ✨ (pending),Can an immutable object have mutable fields?
294,Theory,Object-Oriented Java,Immutability,11,EXISTING TECHNICAL,EXISTING,You need to design an immutable class that contains a mutable object such as a List. How would you design it?
295,Theory,Object-Oriented Java,String Immutability,11,Part C,NEW ✨ (pending),Why is String immutable in Java?
300,Theory,Object-Oriented Java,Wrapper Classes,5,Part U,NEW ✨ (pending),What's the difference between int and Integer?
301,Theory,Object-Oriented Java,Wrapper Classes,5,Part V,NEW ✨ (pending),Why do Java Collections require Wrapper Classes instead of Primitive Types?
302,Theory,Object-Oriented Java,Wrapper Classes / Integer Cache,10,EXISTING TECHNICAL,EXISTING,"Two Integer variables, A and B, both contain 200. What will A == B return, true or false?"
303,Coding,Object-Oriented Java,Immutability,11,EXISTING TECHNICAL,EXISTING,Let's say you need to ensure that certain data within your application remains constant and secure throughout its lifecycle. How would you implement immutability for this purpose?
304,Job Experience,Object-Oriented Java,Immutability,11,EXPERIENCE ANCHOR,EXISTING ANCHOR,Have you ever got a chance to design an immutable class?
305,Theory,Object-Oriented Java,Cloning,11,Part B,NEW ✨ (pending),What's the best scenario for using the clone() method to create an object?
306,Theory,Object-Oriented Java,Object Copying,11,Part C,NEW ✨ (pending),What is the difference between Shallow Copy and Deep Copy?
307,Theory,Object-Oriented Java,Object Pooling,11,Part C,NEW ✨ (pending),"Do you know about object pooling, and what is the main use of object pooling?"
308,Coding,Object-Oriented Java,Object Copying,11,Part C,NEW ✨ (pending),How would you implement Deep Copying for a Custom Java Object?
310,Theory,Object-Oriented Java,Anonymous Classes,5,Part I,NEW ✨ (pending),"What are Anonymous Classes in Java, and what are their advantages?"
312,Theory,Object-Oriented Java,Anonymous Class,5,Part I,NEW ✨ (pending),Do you know about anonymous classes?
313,Theory,Object-Oriented Java,Enum,12,EXISTING TECHNICAL,EXISTING,Can you tell me the advantages of Enum over constants?
314,Theory,Object-Oriented Java,Enum,12,EXISTING TECHNICAL,EXISTING,Can you explain Enum in Java?
315,Theory,Object-Oriented Java,Enum,12,EXISTING TECHNICAL,EXISTING,What's the purpose of using Enum?
316,Theory,Object-Oriented Java,Enum / Design,12,EXISTING TECHNICAL,EXISTING,"Let's say you are working in a payment system with different methods like credit card, UPI and net banking. How would you use Enums and what would be your strategy?"
317,Theory,Object-Oriented Java,Inner Classes,5,Part O,NEW ✨ (pending),Do you know about inner classes in Java?
318,Coding,Object-Oriented Java,Enum,12,EXISTING TECHNICAL,EXISTING,Can Enums implement interfaces?
319,Job Experience,Object-Oriented Java,Enum,12,EXPERIENCE ANCHOR,EXISTING ANCHOR,Have you worked with Enum in your project?
320,Theory,Core Java,Custom Exceptions,13,EXISTING TECHNICAL,EXISTING,What are the steps to create a custom exception?
321,Theory,Core Java,Exception Handling,17,EXISTING TECHNICAL,EXISTING,"What is NullPointerException, and how can we avoid it?"
322,Theory,Core Java,Exception Handling,18,EXISTING TECHNICAL,EXISTING,What is the role of the pipe (|) symbol in a multi-catch block?
323,Theory,Core Java,Exception Handling / Finally,2,EXISTING TECHNICAL,EXISTING,What is finally block?
324,Theory,Core Java,Exception Handling,13,EXISTING TECHNICAL,EXISTING,Do you know about custom exceptions and inbuilt exceptions?
325,Theory,Core Java,Exception Handling,13,EXISTING TECHNICAL,EXISTING,"Which are better, custom exceptions or built-in exceptions?"
326,Theory,Core Java,Exception Handling,18,EXISTING TECHNICAL,EXISTING,Can you name any inbuilt exception?
327,Theory,Core Java,Exception Handling,13,EXISTING TECHNICAL,EXISTING,Can you discuss exception handling and what are checked and unchecked exceptions?
328,Theory,Core Java,Exception Handling,16,EXISTING TECHNICAL,EXISTING,How would you handle a scenario where a method throws multiple types of exception?
330,Theory,Core Java,Exception Handling,14,EXISTING TECHNICAL,EXISTING,"Do you know the difference between Error, RuntimeException, and Exception?"
334,Theory,Core Java,Exception Handling,16,EXISTING TECHNICAL,EXISTING,Is it good practice to use exceptions for control flow?
336,Theory,Core Java,Exception Handling,16,EXISTING TECHNICAL,EXISTING,Do you know about uncaught exceptions?
337,Theory,Core Java,Exception Handling,13,EXISTING TECHNICAL,EXISTING,How do you create a custom runtime exception?
338,Theory,Core Java,Exception Handling,13,EXISTING TECHNICAL,EXISTING,How do you handle exceptions globally in a Spring Boot application?
339,Theory,Core Java,Exception Handling,15,EXISTING TECHNICAL,EXISTING,"Can you explain the role of try, catch and finally blocks?"
340,Theory,Core Java,Exception Handling,17,EXISTING TECHNICAL,EXISTING,"If a return statement executes inside the try or catch block, does the finally block still execute?"
341,Theory,Core Java,Exception Handling,17,EXISTING TECHNICAL,EXISTING,Is it possible to execute a program with a try block but without a catch block?
342,Theory,Core Java,Exception Handling,2,EXISTING TECHNICAL,EXISTING,Can you tell me a condition where the finally block will not be executed?
344,Theory,Core Java,Exception Handling,15,EXISTING TECHNICAL,EXISTING,How would you handle multiple Exceptions in a single catch block?
346,Theory,Core Java,Exception Handling,15,Part B,NEW ✨ (pending),"How does a try-catch block work in Java, and what is the purpose of the finally block?"
347,Theory,Core Java,Exception Handling,13,EXISTING TECHNICAL,EXISTING,In what scenarios would you create a custom checked Exception versus a custom unchecked Exception?
348,Theory,Core Java,Exception Handling,15,EXISTING TECHNICAL,EXISTING,How does Exception Propagation work in Java?
349,Theory,Core Java,Exception Handling,18,EXISTING TECHNICAL,EXISTING,"Suppose you have a method that throws a Checked Exception, but the Interface it implements does not declare that Exception. How would you handle this situation?"
350,Theory,Core Java,Exception Handling,14,EXISTING TECHNICAL,EXISTING,"What is Exception Chaining, and why is it important in our projects?"
351,Theory,Core Java,Exception Handling,14,EXISTING TECHNICAL,EXISTING,What is the difference between Throwable and Exception in Java?
352,Theory,Core Java,Exception Handling,19,EXISTING TECHNICAL,EXISTING,"If an Exception is thrown inside a finally block, will it override an Exception thrown from the try block?"
354,Theory,Core Java,Exception Handling,19,EXISTING TECHNICAL,EXISTING,What happens if both the try and finally blocks contain return statements?
355,Theory,Core Java,Exception Handling / Async,71,Part C,NEW ✨ (pending),Have you handled Exceptions occurring in Asynchronous Methods?
356,Theory,Core Java,Exception Handling / Design,17,EXISTING TECHNICAL,EXISTING,"While designing a File Handling module, how would you decide which Exceptions should be Checked and which should be Unchecked?"
357,Theory,Core Java,Exception Handling / Finally,19,EXISTING TECHNICAL,EXISTING,Can we throw an exception from a finally block?
358,Theory,Core Java,Exception Handling / Finally,19,EXISTING TECHNICAL,EXISTING,Can we have multiple finally blocks in Java?
360,Theory,Core Java,Exception Handling / Finally,19,EXISTING TECHNICAL,EXISTING,Which finally block will be executed if we have multiple?
361,Theory,Core Java,Exception Handling / Static Initialization,15,Part B,NEW ✨ (pending),What happens when an exception is thrown in a static initialization block?
362,Theory,Core Java,Spring Exception Handling,18,EXISTING TECHNICAL,EXISTING,Can we have multiple @ControllerAdvice annotations?
363,Theory,Core Java,Spring Exception Handling,16,EXISTING TECHNICAL,EXISTING,"You created a @RestControllerAdvice, but the Global Exception is not being caught. What could be the reasons?"
364,Theory,Core Java,Spring Exception Handling,15,EXISTING TECHNICAL,EXISTING,What is the difference between @ControllerAdvice and @RestControllerAdvice?
365,Theory,Core Java,Spring Exception Handling,14,EXISTING TECHNICAL,EXISTING,"If @RestControllerAdvice contains both a Generic Exception Handler and a Specific Exception Handler, which one will execute?"
366,Job Experience,Core Java,Custom Exceptions,13,EXPERIENCE ANCHOR,EXISTING ANCHOR,Can you share some custom exception names that you guys are throwing in your current project?
368,Job Experience,Core Java,Custom Exceptions,14,EXPERIENCE ANCHOR,EXISTING ANCHOR,Have you ever created a Custom Exception Hierarchy?
369,Job Experience,Core Java,Exception Handling,15,EXPERIENCE ANCHOR,EXISTING ANCHOR,How do you handle exceptions in your project?
370,Job Experience,Core Java,Exception Handling,16,EXPERIENCE ANCHOR,EXISTING ANCHOR,What strategies do you majorly use for exception handling?
371,Job Experience,Core Java,Exception Handling,17,EXPERIENCE ANCHOR,EXISTING ANCHOR,What were your basic approaches to error handling and what were the basic things that you were doing in error handling?
372,Job Experience,Core Java,Exception Handling,18,EXPERIENCE ANCHOR,EXISTING ANCHOR,Can you tell me how you guys are maintaining or handling exceptions?
374,Job Experience,Core Java,Exception Handling,19,EXPERIENCE ANCHOR,EXISTING ANCHOR,Was there ever a time when the finally block caused unexpected behavior or side effects in your code?
375,Theory,Collections,Collections,20,EXISTING TECHNICAL,EXISTING,What are the major collections we have?
376,Theory,Collections,Collections / EnumMap,20,Part B,NEW ✨ (pending),What is an EnumMap?
378,Theory,Collections,Collections / Map,34,Part B,NEW ✨ (pending),What are IdentityHashMap and WeakHashMap?
379,Theory,Collections,List / Collections,20,EXISTING TECHNICAL,EXISTING,What are the main implementations of the List interface?
380,Theory,Collections,Collections,20,EXISTING TECHNICAL,EXISTING,What is the difference between Set and ArrayList? What are they used for and why have they been created?
381,Theory,Collections,Collections,20,EXISTING TECHNICAL,EXISTING,Do you know about HashSet and TreeSet?
382,Theory,Collections,Collections,30,EXISTING TECHNICAL,EXISTING,"You need to store large data, preserve insertion order and perform fast lookups. Which collection would you choose and why?"
384,Theory,Collections,Collections,20,Part B,NEW ✨ (pending),Which collection should you use if you want to avoid duplicates and maintain insertion order?
385,Theory,Collections,Collections,24,EXISTING TECHNICAL,EXISTING,"You are given ArrayList, LinkedList and HashSet. Can you tell me when we should use each one and give a real-world example?"
386,Theory,Collections,Collections,24,EXISTING TECHNICAL,EXISTING,Can you tell me the difference between ArrayList and LinkedList?
388,Theory,Collections,Collections,30,EXISTING TECHNICAL,EXISTING,In what scenarios would you prefer ArrayList over LinkedList or one over the other?
389,Theory,Collections,Collections,20,EXISTING TECHNICAL,EXISTING,Can you explain the concept of the Java Collection Framework?
390,Theory,Collections,Collections,20,Part B,NEW ✨ (pending),What's the difference between HashMap and TreeMap in terms of performance and ordering?
391,Theory,Collections,Collections,29,EXISTING TECHNICAL,EXISTING,Can you tell me the difference between Comparable and Comparator Interfaces?
392,Theory,Collections,Collections,38,EXISTING TECHNICAL,EXISTING,What is the difference between a Sorted Collection and an Ordered Collection?
393,Theory,Collections,Collections / ConcurrentModificationException,31,EXISTING TECHNICAL,EXISTING,Can you tell me a scenario that causes a ConcurrentModificationException?
394,Theory,Collections,Collections / EnumSet,33,Part B,NEW ✨ (pending),Why is EnumSet more efficient than a regular HashSet for Enums?
395,Theory,Collections,Collections / Sorting,29,EXISTING TECHNICAL,EXISTING,What's the difference between Arrays.sort() and Collections.sort()?
396,Theory,Collections,Polymorphism / Collections,20,EXISTING TECHNICAL,EXISTING,How does polymorphism benefit the Java Collections Framework?
397,Theory,Collections,Set / Collections,33,Part B,NEW ✨ (pending),How do you store elements in a Set to preserve insertion order? Which Set would you use?
398,Theory,Collections,Collections / Sorting,29,EXISTING TECHNICAL,EXISTING,Do you know which sorting algorithms Arrays.sort() and Collections.sort() use internally?
399,Theory,Collections,Collections / Sorting,29,EXISTING TECHNICAL,EXISTING,"How does Collections.sort() work internally, and which Sorting Algorithm does it use?"
400,Coding,Collections,Java Coding / Collections,25,EXISTING TECHNICAL,EXISTING,Can we use a Map and store how many times each element occurs to solve the duplicate-element problem?
401,Coding,Collections,Java Coding / Collections,20,Part B,NEW ✨ (pending),"You are given a list containing duplicate and unique numbers. Print only the unique numbers. For example, if the list is 1, 1, 2, 2, 3, print 3."
402,Coding,Collections,Java Coding / Collections,20,Part B,NEW ✨ (pending),You are given a list of numbers. Print the third-highest number from the list.
403,Job Experience,Collections,Collections,20,EXPERIENCE ANCHOR,EXISTING ANCHOR,Have you worked with collections in Java?
404,Job Experience,Collections,Collections,21,EXPERIENCE ANCHOR,EXISTING ANCHOR,What type of collections have you incorporated in your projects?
405,Job Experience,Collections,Collections,22,EXPERIENCE ANCHOR,EXISTING ANCHOR,Can you tell me a few best practices you consider when applying collections in your project?
406,Job Experience,Collections,Collections,23,EXPERIENCE ANCHOR,EXISTING ANCHOR,Have you used ArrayList in your project?
407,Job Experience,Collections,Collections,24,EXPERIENCE ANCHOR,EXISTING ANCHOR,Have you used LinkedList in your project?
408,Job Experience,Collections,Collections,25,EXPERIENCE ANCHOR,EXISTING ANCHOR,Can you describe a complex problem you solved using a Java Collection?
409,Job Experience,Collections,Collections,26,EXPERIENCE ANCHOR,EXISTING ANCHOR,Can you tell me a few Collection names that you are using in your project?
410,Job Experience,Collections,Collections,27,EXPERIENCE ANCHOR,EXISTING ANCHOR,"Have you used List, LinkedList and HashSet in your project?"
411,Job Experience,Collections,Collections,28,EXPERIENCE ANCHOR,EXISTING ANCHOR,Where have you used List and HashSet? Can you tell me the situations?
412,Job Experience,Collections,Collections / Sorting,29,EXPERIENCE ANCHOR,EXISTING ANCHOR,Have you used Arrays.sort() and Collections.sort()?
413,Theory,Collections,ArrayList,22,EXISTING TECHNICAL,EXISTING,What will happen if you remove an element from an ArrayList while iterating over it using an enhanced for loop?
415,Theory,Collections,ArrayList,23,EXISTING TECHNICAL,EXISTING,What's the default capacity of an ArrayList?
416,Theory,Collections,Collections / List,23,EXISTING TECHNICAL,EXISTING,You have a List of Integer and call list.remove(1). Does it remove the element at index 1 or the integer value 1?
417,Theory,Collections,ArrayList Internals,23,EXISTING TECHNICAL,EXISTING,How does an ArrayList grow when it exceeds its current capacity?
419,Job Experience,Collections,ArrayList,23,EXPERIENCE ANCHOR,EXISTING ANCHOR,Have you used ArrayList in your project?
420,Theory,Collections,ArrayList / LinkedList,21,EXISTING TECHNICAL,EXISTING,In which scenarios is LinkedList preferred over ArrayList?
421,Job Experience,Collections,LinkedList,31,EXPERIENCE ANCHOR,EXISTING ANCHOR,Can you tell me the use case of LinkedList in your project?
422,Job Experience,Collections,LinkedList,24,EXPERIENCE ANCHOR,EXISTING ANCHOR,Have you used LinkedList in your project?
423,Theory,Collections,Collections / HashSet,26,EXISTING TECHNICAL,EXISTING,What is the average Lookup Time for a HashSet?
424,Theory,Collections,Collections / HashSet,26,EXISTING TECHNICAL,EXISTING,What is the Load Factor in a HashSet or Hash-based Collection?
425,Theory,Collections,HashSet,21,EXISTING TECHNICAL,EXISTING,"In Collections, how does HashSet ensure that there are no duplicates?"
427,Theory,Collections,HashSet / Equals & HashCode,26,EXISTING TECHNICAL,EXISTING,"You want to store Custom Objects in a HashSet, but duplicates are being added. What could be wrong in the Object design?"
428,Theory,Collections,HashSet / Mutable Object,22,EXISTING TECHNICAL,EXISTING,What happens if you add a mutable object to a HashSet and then change it?
429,Theory,Collections,HashSet / TreeSet,33,EXISTING TECHNICAL,EXISTING,Can you give me an example where you would use HashSet and a scenario where TreeSet is more appropriate?
430,Theory,Collections,TreeSet,33,EXISTING TECHNICAL,EXISTING,Does TreeSet allow null values? Why?
431,Theory,Collections,TreeSet,33,Part B,NEW ✨ (pending),Can a TreeSet contain null?
432,Theory,Collections,Collections / TreeSet,33,EXISTING TECHNICAL,EXISTING,How does a TreeSet sort Objects internally?
434,Theory,Collections,HashSet Internals,26,EXISTING TECHNICAL,EXISTING,What's the internal working of HashSet?
435,Theory,Collections,HashSet Internals,33,Part B,NEW ✨ (pending),Is there any role of a Red-Black Tree in HashSet?
436,Theory,Collections,HashSet Internals,33,Part B,NEW ✨ (pending),"HashSet internally uses HashMap. Is the actual HashSet element stored as the HashMap Key or Value, and what is stored in the other part?"
437,Job Experience,Collections,TreeSet,33,EXPERIENCE ANCHOR,EXISTING ANCHOR,Have you used TreeSet in your project?
438,Theory,Collections,Collections / HashSet,33,Part B,NEW ✨ (pending),You are reading millions of records from a file and need to remove duplicates efficiently. Which Collection would you use and why?
439,Theory,Collections,HashMap,34,Part C,NEW ✨ (pending),What is hash collision?
440,Theory,Collections,HashMap,22,EXISTING TECHNICAL,EXISTING,What are the issues with using a mutable object as a key in a HashMap?
441,Theory,Collections,HashMap,25,EXISTING TECHNICAL,EXISTING,What is the Default Load Factor of a HashMap?
443,Theory,Collections,HashMap,21,EXISTING TECHNICAL,EXISTING,Can you explain how HashMap works in Java?
446,Theory,Collections,HashMap,25,EXISTING TECHNICAL,EXISTING,What happens when two keys have the same hash code?
449,Theory,Collections,HashMap,34,Part C,NEW ✨ (pending),Do we have any solution for the collisions?
450,Theory,Collections,HashMap,34,Part D,NEW ✨ (pending),Can we include a class as a key in HashMap?
453,Theory,Collections,HashMap,34,Part D,NEW ✨ (pending),Can a HashMap have null keys and null values?
457,Theory,Collections,HashMap,34,Part D,NEW ✨ (pending),Can a HashMap have multiple null keys?
458,Theory,Collections,HashMap,34,Part D,NEW ✨ (pending),What happens during a HashMap collision?
460,Theory,Collections,HashMap,34,Part D,NEW ✨ (pending),What happens if you insert 33 elements into a HashMap?
461,Theory,Collections,HashMap / Immutability,25,EXISTING TECHNICAL,EXISTING,Why should we use immutable objects as keys in a Map?
462,Theory,Collections,HashMap / LinkedHashMap,21,EXISTING TECHNICAL,EXISTING,Why is HashMap not ordered like LinkedHashMap?
464,Theory,Collections,LinkedHashMap,25,EXISTING TECHNICAL,EXISTING,What's the average lookup time in LinkedHashMap?
465,Theory,Collections,LinkedHashMap,35,EXISTING TECHNICAL,EXISTING,Can you tell me the internal working of LinkedHashMap?
466,Theory,Collections,WeakHashMap,36,EXISTING TECHNICAL,EXISTING,"What is a WeakHashMap, and how do Weak References affect its entries?"
468,Theory,Collections,HashMap,34,Part D,NEW ✨ (pending),"When a lot of collisions happen, what actually happens internally? After Java 8, do we use a Red-Black Tree as well?"
469,Theory,Collections,HashMap,34,Part D,NEW ✨ (pending),How does HashMap work internally? Explain its internal working before Java 8 and after Java 8.
470,Theory,Collections,HashMap,34,Part E,NEW ✨ (pending),"When we put an element into HashMap, where is it stored? Is it stored in a linked list, Red-Black Tree, or something else?"
471,Theory,Collections,HashMap,34,Part E,NEW ✨ (pending),Which algorithm does HashMap use internally?
474,Theory,Collections,HashMap,34,Part E,NEW ✨ (pending),Can you tell me the root principle of HashMap? On which data structure is HashMap dependent internally?
476,Theory,Collections,HashMap,34,Part E,NEW ✨ (pending),What enhancement was done in HashMap in Java 8 compared with prior Java versions?
477,Theory,Collections,HashMap,34,Part E,NEW ✨ (pending),What changes were made to HashMap in Java 8 compared with earlier versions?
479,Theory,Collections,HashMap,34,Part E,NEW ✨ (pending),What changes were introduced in HashMap in Java 8?
482,Theory,Collections,HashMap,34,Part E,NEW ✨ (pending),Were there changes in HashMap before Java 8 and after Java 8? What changed?
484,Theory,Collections,HashMap,34,EXISTING TECHNICAL,EXISTING,What happens internally when you put a key into a HashMap that already exists?
485,Theory,Collections,HashMap,34,Part F,NEW ✨ (pending),Is HashMap organized or sorted internally?
486,Theory,Collections,HashMap,34,Part F,NEW ✨ (pending),When does HashMap convert a bucket from a LinkedList into a Tree internally?
487,Theory,Collections,HashMap,34,Part F,NEW ✨ (pending),What happens internally when you insert a null key into a HashMap?
488,Coding,Collections,HashMap,34,Part F,NEW ✨ (pending),Can you design and implement your own HashMap?
489,Theory,Collections,HashMap,34,Part F,NEW ✨ (pending),Why is equals() called less frequently than hashCode() during HashMap operations?
491,Theory,Collections,HashMap / Complexity,34,EXISTING TECHNICAL,EXISTING,"What is the time complexity of common HashMap operations such as insertion, deletion and retrieval?"
492,Theory,Collections,HashMap / Complexity,34,EXISTING TECHNICAL,EXISTING,What is the worst-case time complexity of HashMap if all keys have the same Hash Code?
493,Coding,Collections,HashMap / Custom Implementation,34,Part F,NEW ✨ (pending),Can we implement our own HashMap in Java?
494,Coding,Collections,LinkedHashMap / LRU Cache,314,EXISTING TECHNICAL,EXISTING,Why is LinkedHashMap commonly used to implement an LRU Cache?
495,Job Experience,Collections,HashMap,34,EXPERIENCE ANCHOR,EXISTING ANCHOR,Have you worked with HashMap?
497,Job Experience,Collections,Map,35,EXPERIENCE ANCHOR,EXISTING ANCHOR,What's the usage of Map in your project?
498,Job Experience,Collections,WeakHashMap,36,EXPERIENCE ANCHOR,EXISTING ANCHOR,Did you get a chance to work with WeakHashMap?
499,Theory,Collections,HashMap / Immutability,22,EXISTING TECHNICAL,EXISTING,How can you design a custom object to be safely used as a key in a HashMap?
500,Theory,Collections,TreeMap,34,Part G,NEW ✨ (pending),What considerations must be taken into account when using Custom Objects as Keys in a TreeMap?
501,Theory,Collections,TreeMap,34,Part G,NEW ✨ (pending),What happens if two Keys compare as equal in a TreeMap?
503,Theory,Collections,TreeMap / Complexity,34,Part G,NEW ✨ (pending),What is the time complexity of TreeMap operations?
504,Theory,Collections,ConcurrentHashMap / CAS,34,Part C,NEW ✨ (pending),"What is CAS in ConcurrentHashMap, and where is it used?"
505,Theory,Collections,ConcurrentHashMap,37,EXISTING TECHNICAL,EXISTING,Can you please brief on ConcurrentHashMap?
506,Theory,Collections,ConcurrentHashMap,37,EXISTING TECHNICAL,EXISTING,How does ConcurrentHashMap improve performance in a multi-threaded environment?
507,Theory,Collections,ConcurrentHashMap,37,EXISTING TECHNICAL,EXISTING,"How does ConcurrentHashMap handle concurrency differently from HashMap? In what parameters is it different, and how does it handle concurrency?"
508,Theory,Collections,ConcurrentHashMap,37,EXISTING TECHNICAL,EXISTING,"You need a collection that supports very frequent reads but occasional writes. What would you choose between HashMap, Collections.synchronizedMap() and ConcurrentHashMap?"
510,Theory,Collections,ConcurrentHashMap,34,Part B,NEW ✨ (pending),Multiple Threads are updating a Map. Which Map will you use?
511,Theory,Collections,ConcurrentHashMap,34,Part B,NEW ✨ (pending),Do you know about ConcurrentHashMap?
512,Theory,Collections,ConcurrentHashMap,37,EXISTING TECHNICAL,EXISTING,What happens when Two Threads update the Same Key in a ConcurrentHashMap at the same time?
516,Theory,Collections,ConcurrentHashMap,34,Part B,NEW ✨ (pending),Can a ConcurrentHashMap return stale data during Iteration?
517,Theory,Collections,ConcurrentHashMap,37,EXISTING TECHNICAL,EXISTING,Is ConcurrentHashMap 100% Thread-Safe for every kind of operation?
518,Theory,Collections,ConcurrentHashMap,34,Part B,NEW ✨ (pending),Can ConcurrentHashMap guarantee ordering?
519,Theory,Collections,ConcurrentHashMap,34,Part B,NEW ✨ (pending),What happens if one Thread is computing a value for a key using compute() while another Thread tries to read the same key?
520,Theory,Collections,ConcurrentHashMap,34,Part B,NEW ✨ (pending),"Can ConcurrentHashMap contain null keys, and why?"
521,Theory,Collections,ConcurrentHashMap,34,Part C,NEW ✨ (pending),How did the internal implementation of ConcurrentHashMap change before Java 8 and after Java 8?
522,Theory,Collections,ConcurrentHashMap,37,EXISTING TECHNICAL,EXISTING,"Does ConcurrentHashMap allow null Keys or Values, and why not?"
524,Theory,Collections,ConcurrentHashMap / Memory,34,Part C,NEW ✨ (pending),Why can switching from HashMap to ConcurrentHashMap increase Memory Usage?
526,Theory,Collections,HashMap / ConcurrentHashMap,34,Part F,NEW ✨ (pending),"What are the concurrency risks in HashMap in a multithreaded environment, and how does ConcurrentHashMap solve them?"
528,Theory,Collections,ConcurrentHashMap,34,Part C,NEW ✨ (pending),How does ConcurrentHashMap work internally?
530,Theory,Collections,ConcurrentHashMap / Lock Striping,34,Part C,NEW ✨ (pending),Do you know about lock striping and how ConcurrentHashMap uses it internally?
531,Job Experience,Collections,ConcurrentHashMap,37,EXPERIENCE ANCHOR,EXISTING ANCHOR,Did you get a chance to work on ConcurrentHashMap in your project?
533,Theory,Collections,PriorityQueue,24,Part B,NEW ✨ (pending),"What is a PriorityQueue, and how is its Priority determined?"
535,Theory,Collections,Collections / PriorityQueue,24,Part B,NEW ✨ (pending),"Describe a scenario where you would use a PriorityQueue, and explain why you would choose it over other types of Queues."
536,Theory,Collections,Comparator / Comparable,29,EXISTING TECHNICAL,EXISTING,What are Comparator and Comparable used for?
537,Theory,Collections,Collections / Comparable / Comparator,29,EXISTING TECHNICAL,EXISTING,"If a Class implements Comparable but a Custom Comparator is supplied while sorting, which ordering takes precedence?"
538,Theory,Collections,Collections / Iterator,24,EXISTING TECHNICAL,EXISTING,What is the difference between Iterator and ListIterator?
539,Theory,Collections,Collections / Iterators,22,EXISTING TECHNICAL,EXISTING,Do you know the difference between Fail-Fast and Fail-Safe Iterators?
541,Theory,Collections,Comparable,33,EXISTING TECHNICAL,EXISTING,Do you know about the Comparable Interface?
542,Theory,Collections,Comparable,33,EXISTING TECHNICAL,EXISTING,Can a Class have multiple Natural Orderings through Comparable?
543,Theory,Collections,Comparable / Comparator,38,Part B,NEW ✨ (pending),Do you know the difference between Comparable and Comparator?
544,Theory,Collections,Comparable / Comparator,38,EXISTING TECHNICAL,EXISTING,"Can you tell me the difference between Comparable and Comparator, and which would you use to sort a list of employees by salary?"
545,Theory,Collections,Comparable / Comparator,38,Part B,NEW ✨ (pending),"If a Class implements Comparable and you provide a Custom Comparator while sorting, which one takes precedence?"
546,Theory,Collections,Comparator,29,EXISTING TECHNICAL,EXISTING,Give me a scenario where we should use Comparator.
547,Theory,Collections,TreeMap / Comparator,38,EXISTING TECHNICAL,EXISTING,"You use a custom Comparator for a TreeMap, but some elements are not getting inserted. What might be wrong?"
548,Theory,Collections,TreeSet / Comparator,33,EXISTING TECHNICAL,EXISTING,"If a Comparator returns 0 for two Objects, what happens when those Objects are added to a TreeSet?"
549,Theory,Collections,Java Sorting Internals,38,Part B,NEW ✨ (pending),"Internally, which algorithm does Collections.sort() use?"
550,Job Experience,Collections,Comparable / Comparator,38,EXPERIENCE ANCHOR,EXISTING ANCHOR,"Have you customized sorting before? If yes, for what purpose?"
551,Theory,Core Java,Generics,22,EXISTING TECHNICAL,EXISTING,What are the benefits of using Generics in Java?
552,Theory,Core Java,Generics,20,Part B,NEW ✨ (pending),Do you know about generics or generic classes?
553,Theory,Core Java,Generics,20,Part B,NEW ✨ (pending),Can we use generics with arrays?
555,Theory,Core Java,Generics,20,Part C,NEW ✨ (pending),You have a method that accepts Collection<Number>. A colleague tries to pass a List<Integer> but gets a compilation error. What would be the reason?
556,Theory,Core Java,Generics / Collections,20,Part C,NEW ✨ (pending),Can you add a String to a List<Object>?
557,Theory,Core Java,Generics,20,Part C,NEW ✨ (pending),How would you design a Generic Method that can sort any type of List?
560,Theory,Modern Java,Java 8 / Lambda,39,Part B,NEW ✨ (pending),What is Type Inference in Lambda Expressions?
562,Theory,Modern Java,Java 8 / Method References,39,Part C,NEW ✨ (pending),What are the different types of Method References in Java?
564,Theory,Modern Java,Functional Interface,39,EXISTING TECHNICAL,EXISTING,Can you explain what functional interfaces are?
566,Theory,Modern Java,Functional Interface,39,Part B,NEW ✨ (pending),Can a functional interface extend another interface?
570,Theory,Modern Java,Functional Interface,39,EXISTING TECHNICAL,EXISTING,"Can you please explain the functional interfaces like Predicate, Function and Consumer, and give a real-world use case for each?"
571,Theory,Modern Java,Functional Interface,39,EXISTING TECHNICAL,EXISTING,What will happen if you create your own functional interface with two abstract methods?
572,Theory,Modern Java,Functional Interface,39,Part B,NEW ✨ (pending),Do you know about Functional Interfaces introduced in Java 8?
573,Theory,Modern Java,Functional Interface,39,Part B,NEW ✨ (pending),Can a Functional Interface have default or static methods?
576,Theory,Modern Java,Functional Interface / Comparable,39,Part B,NEW ✨ (pending),Comparable has one abstract method. Why is Comparable not a Functional Interface?
577,Theory,Modern Java,Functional Interface / Comparable,39,Part B,NEW ✨ (pending),Why is Comparable not considered a Functional Interface even though it has one abstract method?
579,Theory,Modern Java,Functional Programming,39,Part B,NEW ✨ (pending),Can you please tell me how Java supports functional programming?
580,Theory,Modern Java,Java 8 / Lambda,45,EXISTING TECHNICAL,EXISTING,Why were Lambda Expressions introduced in Java 8?
581,Theory,Modern Java,Java 8 / Lambda,39,EXISTING TECHNICAL,EXISTING,How do Lambda Expressions differ from Anonymous Classes?
582,Theory,Modern Java,Java 8 / Lambda,39,EXISTING TECHNICAL,EXISTING,"Can Lambda Expressions access Non-Final Local Variables, and what happens if you try to modify such a Variable inside the Lambda?"
583,Theory,Modern Java,Java 8 / Method Reference,39,Part C,NEW ✨ (pending),"Can Method References be used with Overloaded Methods, and how is the correct overloaded method resolved?"
584,Theory,Modern Java,Java 8 / Method Reference,39,Part C,NEW ✨ (pending),"Given a List of Strings, how would you print each String using a Method Reference?"
585,Theory,Modern Java,Lambda Expression,39,Part C,NEW ✨ (pending),Can you explain lambda expression and how they improve code readability compared to anonymous classes?
586,Theory,Modern Java,Lambda Expression,39,Part C,NEW ✨ (pending),Can you explain how this keyword behaves differently inside a lambda versus an anonymous inner class?
587,Theory,Modern Java,Lambda Expression,39,Part C,NEW ✨ (pending),How could we write Lambda expressions in our code? How could we utilize Lambda expressions?
588,Theory,Modern Java,Lambda Expression / Functional Interface,39,EXISTING TECHNICAL,EXISTING,How is Lambda expression related to Functional Interfaces?
589,Theory,Modern Java,Lambda Expressions,39,Part C,NEW ✨ (pending),"Can a Lambda access or modify a Non-Final Local Variable, and what happens if it tries?"
590,Theory,Modern Java,Lambda Expressions / Exception Handling,39,EXISTING TECHNICAL,EXISTING,Can a Lambda Expression throw a Checked Exception?
592,Job Experience,Modern Java,Functional Interface,39,EXPERIENCE ANCHOR,EXISTING ANCHOR,What challenges did you face while implementing Functional Interfaces in legacy code?
593,Theory,Modern Java,Parallel Streams,40,Part B,NEW ✨ (pending),What are the drawbacks of using Parallel Streams?
595,Theory,Modern Java,Stream API,40,EXISTING TECHNICAL,EXISTING,What are Java Streams?
596,Theory,Modern Java,Stream API,40,Part B,NEW ✨ (pending),What is the purpose of the peek() operation in Stream API?
597,Theory,Modern Java,Stream API,40,Part B,NEW ✨ (pending),What are the Best Practices for writing and optimizing Stream API code?
599,Theory,Modern Java,Parallel Streams / Reduce,40,Part B,NEW ✨ (pending),How can reduce() cause problems or Performance Issues when used with Parallel Streams?
600,Theory,Modern Java,Stream API,40,EXISTING TECHNICAL,EXISTING,What is the difference between filter and map functions of Stream API?
601,Theory,Modern Java,Stream API,40,EXISTING TECHNICAL,EXISTING,Do you know about intermediate and terminal operations in Streams?
602,Theory,Modern Java,Stream API,40,Part B,NEW ✨ (pending),What's the difference between map() and flatMap()?
604,Theory,Modern Java,Stream API,40,Part B,NEW ✨ (pending),In which scenarios would you prefer flatMap()?
605,Theory,Modern Java,Stream API,40,EXISTING TECHNICAL,EXISTING,How would you use Streams to filter and map a collection of objects?
606,Theory,Modern Java,Stream API,40,EXISTING TECHNICAL,EXISTING,Can you explain how Java 8 Stream API enhances collection processing?
607,Theory,Modern Java,Stream API,40,Part B,NEW ✨ (pending),What is the difference between Intermediate and Terminal Operations in Stream API?
610,Theory,Modern Java,Stream API,40,Part C,NEW ✨ (pending),What's the use of the reduce() method in Streams?
611,Theory,Modern Java,Stream API,40,EXISTING TECHNICAL,EXISTING,What's the difference between writing code with traditional loops and with Stream API?
613,Theory,Modern Java,Stream API,40,EXISTING TECHNICAL,EXISTING,In which scenarios would you avoid Streams and prefer a plain for loop?
615,Theory,Modern Java,Stream API,40,Part C,NEW ✨ (pending),How does Stream Immutability improve reliability and maintainability in Functional Programming?
617,Theory,Modern Java,Stream API / Collectors,40,Part C,NEW ✨ (pending),What is the difference between Collectors.groupingBy() and Collectors.partitioningBy()?
618,Theory,Modern Java,Stream API / Parallel Stream,40,Part C,NEW ✨ (pending),"How does Parallel Stream enhance performance, and when should it be used?"
619,Theory,Modern Java,Stream API / Parallel Stream,40,Part C,NEW ✨ (pending),You need to process a large collection of objects in the shortest possible time. How would you decide whether to use Parallel Stream or Sequential Stream?
620,Theory,Modern Java,Stream API / Parallel Streams,40,Part C,NEW ✨ (pending),"Under what conditions might a Parallel Stream not provide a performance benefit, and how could that affect the application?"
621,Theory,Modern Java,Stream API / Parallel Streams,40,Part C,NEW ✨ (pending),How can reduce() cause problems when used with Parallel Streams?
622,Theory,Modern Java,Stream API Internals,40,Part D,NEW ✨ (pending),"How does a Stream Pipeline work internally, particularly Intermediate and Terminal Operations?"
624,Job Experience,Modern Java,Stream API,40,EXPERIENCE ANCHOR,EXISTING ANCHOR,Have you worked on Stream APIs?
626,Theory,Modern Java,Optional,41,EXISTING TECHNICAL,EXISTING,What problem does the Optional class solve in Java 8?
627,Theory,Modern Java,Optional,42,EXISTING TECHNICAL,EXISTING,Why is returning Optional from a getter method not recommended?
628,Theory,Modern Java,Optional,41,EXISTING TECHNICAL,EXISTING,Do you know Optional in Java?
629,Theory,Modern Java,Optional,42,EXISTING TECHNICAL,EXISTING,Why was the Optional class introduced in Java?
630,Theory,Modern Java,Optional,41,EXISTING TECHNICAL,EXISTING,"Besides Null Handling, what other advantages does the Optional class provide?"
631,Theory,Modern Java,Optional,41,EXISTING TECHNICAL,EXISTING,"How is Optional intended to be used, and how is it commonly misused?"
632,Theory,Modern Java,Optional,41,EXISTING TECHNICAL,EXISTING,What is the difference between orElse() and orElseGet()?
633,Theory,Modern Java,Optional,41,EXISTING TECHNICAL,EXISTING,Why can calling Optional.get() be dangerous?
634,Theory,Modern Java,Optional,43,EXISTING TECHNICAL,EXISTING,Why is Optional.get() dangerous?
635,Theory,Modern Java,Optional,41,EXISTING TECHNICAL,EXISTING,What is the difference between Optional.of() and Optional.ofNullable()?
637,Job Experience,Modern Java,Optional,41,EXPERIENCE ANCHOR,EXISTING ANCHOR,Have you used Optional personally?
638,Job Experience,Modern Java,Optional,42,EXPERIENCE ANCHOR,EXISTING ANCHOR,Do you use Optional practically in your project?
639,Job Experience,Modern Java,Optional,43,EXPERIENCE ANCHOR,EXISTING ANCHOR,Did you guys leverage the Optional class?
640,Job Experience,Modern Java,Optional,44,EXPERIENCE ANCHOR,EXISTING ANCHOR,Can you tell me a particular scenario where you used Optional?
641,Theory,Modern Java,Date & Time / Time Zones,45,Part D,NEW ✨ (pending),"The server stores timestamps in UTC, but users are in IST and reports show a one-day difference. Would you fix this, and if yes, how would you fix it?"
642,Theory,Modern Java,Java 8 / Date and Time API,45,EXISTING TECHNICAL,EXISTING,What changes were introduced to the Date and Time API in Java 8?
643,Theory,Modern Java,Java Date/Time API,45,Part D,NEW ✨ (pending),How is Java Time API better than the old Date/Calendar APIs?
644,Theory,Java Foundations,Java 8,49,Part G,NEW ✨ (pending),What are the topics you are most familiar with in Java 8?
645,Theory,Java Foundations,Java 11,49,EXISTING TECHNICAL,EXISTING,Can you tell me some new features of Java 11 which are not there in older versions?
646,Theory,Java Foundations,Java 11,49,Part G,NEW ✨ (pending),Can you tell me some new features in Java 11?
647,Theory,Java Foundations,Java 17,46,EXISTING TECHNICAL,EXISTING,Can you tell me some new features that were introduced in Java 17?
649,Theory,Java Foundations,Java 21,49,Part G,NEW ✨ (pending),"As you said you are using Java 21, can you please tell me what new changes have arrived in Java 21?"
650,Theory,Java Foundations,Java 8,45,EXISTING TECHNICAL,EXISTING,Why was Java 8 introduced? Why was there a requirement to upgrade from Java 7 to Java 8?
651,Theory,Java Foundations,Java 8,45,EXISTING TECHNICAL,EXISTING,"From Java 8 onwards, what were the major changes introduced in Java 8?"
652,Theory,Java Foundations,Java Features,46,EXISTING TECHNICAL,EXISTING,Are you aware of recent Java updates such as Records and Sealed Classes?
654,Job Experience,Java Foundations,Java 8,45,EXPERIENCE ANCHOR,EXISTING ANCHOR,Which Java 8 features do you use most of the time?
655,Job Experience,Java Foundations,Java Version,46,EXPERIENCE ANCHOR,EXISTING ANCHOR,Which Java version do you use in your current project?
656,Job Experience,Java Foundations,Java Version,47,EXPERIENCE ANCHOR,EXISTING ANCHOR,"Currently, which Java version are you working on?"
657,Job Experience,Java Foundations,Java Version,48,EXPERIENCE ANCHOR,EXISTING ANCHOR,What's the Java version you are using?
661,Job Experience,Java Foundations,Java Version,49,EXPERIENCE ANCHOR,EXISTING ANCHOR,Why did you choose Java 17 if you are not using many Java 17-specific features?
663,Job Experience,Core Java,Import / Export,50,EXPERIENCE ANCHOR,EXISTING ANCHOR,How are you importing and exporting data? Can you tell me the technical part of that?
664,Theory,Core Java,Serialization,50,EXISTING TECHNICAL,EXISTING,Have you heard about Java serialization?
668,Theory,Core Java,Serialization / Security,54,EXISTING TECHNICAL,EXISTING,Have you heard about Java serialization attacks?
669,Theory,Core Java,Serialization / Transient,52,EXISTING TECHNICAL,EXISTING,What is this transient?
670,Theory,Core Java,Serialization / Transient,52,Part B,NEW ✨ (pending),Have you heard about the transient keyword?
671,Theory,Core Java,Serialization,52,EXISTING TECHNICAL,EXISTING,Do you know about serialized data?
672,Theory,Core Java,Serialization,53,EXISTING TECHNICAL,EXISTING,Why shouldn't we serialize data into a text file?
673,Theory,Core Java,Serialization,52,EXISTING TECHNICAL,EXISTING,"What happens if your Serializable class contains a member that is not Serializable, and how will you fix it?"
674,Theory,Core Java,Serialization,53,EXISTING TECHNICAL,EXISTING,Do you know about Marshalling and Unmarshalling?
675,Theory,Core Java,Serialization,52,EXISTING TECHNICAL,EXISTING,"What is serialVersionUID, and why is it used in Java Serialization?"
676,Theory,Core Java,Serialization / Deserialization,51,EXISTING TECHNICAL,EXISTING,"Are Serialization and Deserialization simple to implement, or can we face challenges with them?"
677,Theory,Core Java,Serialization / Security,52,EXISTING TECHNICAL,EXISTING,How can you secure a Java application against Serialization attacks?
678,Theory,Core Java,Serialization / Transient,54,EXISTING TECHNICAL,EXISTING,How can you prevent certain fields in a class from being serialized?
680,Coding,Core Java,Serialization,52,EXISTING TECHNICAL,EXISTING,"What happens if a class does not implement Serializable, but its object is serialized?"
681,Job Experience,Core Java,Deserialization,51,EXPERIENCE ANCHOR,EXISTING ANCHOR,What challenge did you face while deserializing data?
682,Job Experience,Core Java,Serialization,52,EXPERIENCE ANCHOR,EXISTING ANCHOR,Have you worked with Serialization?
683,Job Experience,Core Java,Serialization,53,EXPERIENCE ANCHOR,EXISTING ANCHOR,"Since your project imports, exports and fetches data, didn't you serialize data while fetching or saving it?"
684,Job Experience,Core Java,Serialization / Deserialization,54,EXPERIENCE ANCHOR,EXISTING ANCHOR,Did you face any error or challenge while Serialization and Deserialization?
686,Theory,JVM & Runtime,JVM / JIT Compiler,1,Part D,NEW ✨ (pending),What is JIT Compiler?
687,Theory,JVM & Runtime,Reflection,56,Part E,NEW ✨ (pending),What is reflection in Java?
688,Theory,JVM & Runtime,Reflection,56,Part E,NEW ✨ (pending),What is Reflection in Java and when would you use it?
689,Theory,JVM & Runtime,Spring / Classpath,55,EXISTING TECHNICAL,EXISTING,"What is the Classpath in Spring Boot, and how is it related to where dependencies or Beans are found?"
690,Theory,JVM & Runtime,Class Loading,55,EXISTING TECHNICAL,EXISTING,Do you know the difference between ClassLoader and Class.forName() method?
691,Theory,JVM & Runtime,Class Loading,56,Part D,NEW ✨ (pending),Can you tell me the difference between loading and linking?
692,Theory,JVM & Runtime,Class Loading / Static,56,Part D,NEW ✨ (pending),We have a class with both static and non-static methods. Can you explain the execution flow when the class is loaded? What happens first?
693,Theory,JVM & Runtime,ClassLoader,56,Part D,NEW ✨ (pending),"There are three things in ClassLoader: Bootstrap, Extension and System. Do you know about those?"
694,Theory,JVM & Runtime,ClassLoader,55,EXISTING TECHNICAL,EXISTING,Do you know what ClassLoaders are?
695,Theory,JVM & Runtime,ClassLoader,55,EXISTING TECHNICAL,EXISTING,Can you explain the different types of ClassLoaders in Java?
696,Theory,JVM & Runtime,ClassLoader,55,EXISTING TECHNICAL,EXISTING,Can you load the same class twice using different ClassLoaders?
697,Theory,JVM & Runtime,ClassLoader,55,EXISTING TECHNICAL,EXISTING,Do you know about the Parent Delegation Model?
698,Theory,JVM & Runtime,ClassLoader,56,Part D,NEW ✨ (pending),"Java uses Bootstrap, Extension and System ClassLoaders. Are you aware of them?"
699,Theory,JVM & Runtime,ClassLoader,56,Part D,NEW ✨ (pending),Is it possible to unload a Class in Java?
700,Theory,JVM & Runtime,ClassLoader / Security,56,Part D,NEW ✨ (pending),You are developing an application that loads plugins from third-party sources. How would you ensure the security of your system while using these plugins?
701,Theory,JVM & Runtime,JVM / Execution Engine,1,Part D,NEW ✨ (pending),How does Java enhance the performance of the execution engine?
702,Theory,JVM & Runtime,JVM / Java Flight Recorder,55,Part B,NEW ✨ (pending),Can you tell me about Java Flight Recorder?
703,Theory,JVM & Runtime,JVM / JIT Compiler,1,Part D,NEW ✨ (pending),"What's the role of the JIT, Just-In-Time Compiler?"
704,Theory,JVM & Runtime,JVM Architecture,1,Part D,NEW ✨ (pending),Describe the key components of Java Virtual Machine architecture.
705,Theory,JVM & Runtime,JVM Architecture,1,Part D,NEW ✨ (pending),"Can you please explain JVM architecture, including the role of ClassLoader, runtime data areas and execution engine?"
706,Theory,JVM & Runtime,Reflection,56,Part E,NEW ✨ (pending),Do you know about Java Reflection API?
707,Theory,JVM & Runtime,Reflection,56,Part E,NEW ✨ (pending),Are there any performance or security disadvantages of using Reflection?
709,Theory,JVM & Runtime,Spring Custom Annotations,55,Part B,NEW ✨ (pending),How can you create custom annotations in Spring?
710,Job Experience,JVM & Runtime,ClassNotFoundException,55,EXPERIENCE ANCHOR,EXISTING ANCHOR,"Have you ever seen ClassNotFoundException in your project, and if yes, how can we resolve it?"
711,Job Experience,JVM & Runtime,Reflection,56,EXPERIENCE ANCHOR,EXISTING ANCHOR,Have you used reflection somewhere in your project?
712,Job Experience,JVM & Runtime,Spring Conditional Annotations,57,EXPERIENCE ANCHOR,EXISTING ANCHOR,Have you used Conditional annotations in Spring Boot?
713,Job Experience,JVM & Runtime,Spring Custom Annotations,58,EXPERIENCE ANCHOR,EXISTING ANCHOR,Have you tried creating a custom annotation?
714,Theory,JVM & Runtime,Java Memory / References,59,Part E,NEW ✨ (pending),What are Phantom References in Java?
715,Theory,JVM & Runtime,JVM / Metaspace,59,Part D,NEW ✨ (pending),What is Metaspace in the JVM?
717,Theory,JVM & Runtime,Memory Analysis Tools,61,EXISTING TECHNICAL,EXISTING,"Have you heard about JProfiler, VisualVM, or Eclipse Memory Analyzer?"
718,Theory,JVM & Runtime,Java Memory,59,Part D,NEW ✨ (pending),Do you know about Heap and Stack memory?
719,Theory,JVM & Runtime,Java Memory,59,Part D,NEW ✨ (pending),What things get stored in Heap and what things get stored in Stack?
720,Theory,JVM & Runtime,Java Memory,59,Part D,NEW ✨ (pending),"Which is faster to access, Heap or Stack? Why?"
721,Theory,JVM & Runtime,Java Memory,59,Part E,NEW ✨ (pending),Can you tell me how the Heap and Stack memory areas differ?
722,Theory,JVM & Runtime,Java Memory,59,Part E,NEW ✨ (pending),What is the difference between Stack memory and Heap memory?
726,Theory,JVM & Runtime,Java Memory,59,Part E,NEW ✨ (pending),What problems might arise if Heap and Stack Memory are managed improperly?
727,Theory,JVM & Runtime,Java Memory / References,59,Part E,NEW ✨ (pending),"What is the difference between a Weak Reference and a Soft Reference, and how can they be useful in managing collections of Objects?"
728,Theory,JVM & Runtime,Java Memory / Static Variables,59,Part E,NEW ✨ (pending),How are static variables stored in memory compared to instance variables?
729,Theory,JVM & Runtime,JVM / Heap Dump,61,EXISTING TECHNICAL,EXISTING,Do you know about Heap Dump?
730,Theory,JVM & Runtime,JVM / Memory,59,Part D,NEW ✨ (pending),Where are Static Variables stored in the JVM?
732,Theory,JVM & Runtime,JVM / OutOfMemoryError,320,EXISTING TECHNICAL,EXISTING,Your application frequently throws OutOfMemoryError in Heap but not in Metaspace. How would you diagnose it?
733,Theory,JVM & Runtime,JVM Memory,59,Part D,NEW ✨ (pending),Can you tell me the difference between Young Generation and Old Generation memory spaces?
734,Theory,JVM & Runtime,Memory Management,62,EXISTING TECHNICAL,EXISTING,How can memory leaks occur in Java even though we have automatic garbage collection?
735,Theory,JVM & Runtime,Garbage Collection,59,Part B,NEW ✨ (pending),Have you heard about generational garbage collection? What is it? Can you give us an overview?
736,Theory,JVM & Runtime,Garbage Collection,59,Part B,NEW ✨ (pending),What is a Stop-the-World event in Java Garbage Collection?
738,Theory,JVM & Runtime,Memory Leak,62,EXISTING TECHNICAL,EXISTING,What is a memory leak in Java?
740,Theory,JVM & Runtime,Exception Handling / Garbage Collection,59,Part B,NEW ✨ (pending),Do you know the difference between finalize() method and finally block?
741,Theory,JVM & Runtime,Garbage Collection,59,Part B,NEW ✨ (pending),How does garbage collection work in Java?
742,Theory,JVM & Runtime,Garbage Collection,59,Part B,NEW ✨ (pending),Can you tell me what algorithm JVM uses for garbage collection?
745,Theory,JVM & Runtime,Garbage Collection,59,Part B,NEW ✨ (pending),Do you know about garbage collection?
749,Theory,JVM & Runtime,Garbage Collection,59,Part B,NEW ✨ (pending),Can you describe the working of Garbage Collector in JVM?
751,Theory,JVM & Runtime,Garbage Collection,59,Part C,NEW ✨ (pending),Can you tell me the difference between Minor Garbage Collection and Major Garbage Collection?
752,Theory,JVM & Runtime,Garbage Collection,59,Part C,NEW ✨ (pending),How does Garbage Collection handle Circular References between Objects?
753,Theory,JVM & Runtime,Garbage Collection,59,Part C,NEW ✨ (pending),Does the Garbage Collector clear Static Variables?
754,Theory,JVM & Runtime,Garbage Collection / Finalize,59,Part C,NEW ✨ (pending),Does the finalize method have any role here in garbage collection?
755,Theory,JVM & Runtime,Garbage Collection / Finalize,59,Part C,NEW ✨ (pending),"Do we still use the finalize() method, or is it deprecated nowadays?"
756,Theory,JVM & Runtime,Garbage Collection / Finalize,59,Part C,NEW ✨ (pending),Why is the finalize() method deprecated?
758,Theory,JVM & Runtime,Immutability / Garbage Collection,59,Part C,NEW ✨ (pending),Can continuous creation of Immutable Objects lead to Garbage Collection issues?
759,Theory,JVM & Runtime,JVM / Garbage Collection,59,Part D,NEW ✨ (pending),How would you handle high CPU usage caused by excessive Garbage Collection?
760,Theory,JVM & Runtime,Memory Leak,60,Part B,NEW ✨ (pending),How can a memory leak occur in Java even though we have automatic Garbage Collection?
761,Theory,JVM & Runtime,Memory Leak,60,Part B,NEW ✨ (pending),How does Java handle memory leaks?
763,Theory,JVM & Runtime,Memory Leak,60,Part B,NEW ✨ (pending),"Despite Garbage Collection in Java, why might we still see memory leaks?"
764,Theory,JVM & Runtime,Memory Leak,60,Part B,NEW ✨ (pending),"If Garbage Collector removes unnecessary memory, why do we still see Memory Leaks in our projects?"
765,Theory,JVM & Runtime,Memory Leak / Debugging,61,EXISTING TECHNICAL,EXISTING,Are there any techniques other than Garbage Collection to identify and fix memory leaks?
766,Theory,JVM & Runtime,Memory Leak / Debugging,62,EXISTING TECHNICAL,EXISTING,Let's say you suspect a memory leak in a long-running Java application. Describe the steps you would take to investigate and resolve it.
767,Theory,JVM & Runtime,Memory Leak / Debugging,61,EXISTING TECHNICAL,EXISTING,Let's say you are tasked with analyzing memory leaks in a long-running application. What tools and techniques would you use?
769,Theory,JVM & Runtime,Memory Leak / Debugging,61,EXISTING TECHNICAL,EXISTING,How would you analyze and debug memory leaks in a Java or Spring Boot application?
770,Theory,JVM & Runtime,Memory Leaks,62,EXISTING TECHNICAL,EXISTING,How would you investigate and fix a memory leak in Java? What steps would you take?
771,Theory,JVM & Runtime,Memory Leaks,62,EXISTING TECHNICAL,EXISTING,"How does JVM handle memory leaks, and what tools or techniques would you use to identify and fix a memory leak in your application?"
772,Job Experience,JVM & Runtime,Memory Leak,59,EXPERIENCE ANCHOR,EXISTING ANCHOR,How do you find memory leakage in a Java Spring Boot project?
773,Job Experience,JVM & Runtime,Memory Leak / Debugging,60,EXPERIENCE ANCHOR,EXISTING ANCHOR,"How did you debug a Memory Leak in your project, and what tools specifically did you use?"
774,Job Experience,JVM & Runtime,Memory Leak Tools,61,EXPERIENCE ANCHOR,EXISTING ANCHOR,Have you worked with VisualVM?
775,Job Experience,JVM & Runtime,Memory Leaks,62,EXPERIENCE ANCHOR,EXISTING ANCHOR,Did you face any memory leak in your career?
776,Theory,Concurrency,Multithreading,63,EXISTING TECHNICAL,EXISTING,"What is a Thread in Java, and how can we create one?"
777,Theory,Concurrency,Multithreading,74,Part B,NEW ✨ (pending),"What are volatile, synchronized and Atomic variables in Java?"
778,Theory,Concurrency,Multithreading,76,EXISTING TECHNICAL,EXISTING,What are the potential issues when directly extending the Thread class instead of implementing Runnable for a high-load application?
779,Theory,Concurrency,Multithreading,67,EXISTING TECHNICAL,EXISTING,What are the different states of a Thread in Java?
780,Theory,Concurrency,Multithreading,67,EXISTING TECHNICAL,EXISTING,What is the purpose of the start() method in the Thread class?
781,Theory,Concurrency,Multithreading / Resource Leak,74,Part B,NEW ✨ (pending),What is a Thread Leakage?
783,Theory,Concurrency,Multithreading / Thread Dump,70,EXISTING TECHNICAL,EXISTING,Have you heard about Thread Dumps?
784,Theory,Concurrency,Exception Handling / Multithreading,74,Part B,NEW ✨ (pending),What happens if an exception is thrown by the main thread?
785,Theory,Concurrency,Immutability / Multithreading,76,EXISTING TECHNICAL,EXISTING,Why are immutable objects useful for concurrent programming?
786,Theory,Concurrency,Multithreading,63,EXISTING TECHNICAL,EXISTING,Can you brief on what multithreaded applications do and why we use a multithreaded environment?
787,Theory,Concurrency,Multithreading,70,EXISTING TECHNICAL,EXISTING,Do you know about Java's thread management?
788,Theory,Concurrency,Multithreading,74,Part B,NEW ✨ (pending),Are you aware of multithreading in Java?
789,Theory,Concurrency,Multithreading,63,EXISTING TECHNICAL,EXISTING,Do you know the difference between a process and a thread?
791,Theory,Concurrency,Multithreading,69,EXISTING TECHNICAL,EXISTING,"Can you explain Java's thread lifecycle and the difference between blocked, waiting and timed-waiting states?"
792,Theory,Concurrency,Multithreading,76,EXISTING TECHNICAL,EXISTING,Do you know about threads? Can you explain them?
793,Theory,Concurrency,Multithreading,63,EXISTING TECHNICAL,EXISTING,What's the difference between Runnable and Callable?
796,Theory,Concurrency,Multithreading,76,EXISTING TECHNICAL,EXISTING,What happens if start() is called more than once on the same Thread?
797,Theory,Concurrency,Multithreading,63,EXISTING TECHNICAL,EXISTING,How would you handle a scenario where two threads need to update the same data structure?
798,Theory,Concurrency,Multithreading,63,EXISTING TECHNICAL,EXISTING,Where should we use Multithreading? Give me a few scenarios where Multithreading is a good choice.
800,Theory,Concurrency,Multithreading,68,EXISTING TECHNICAL,EXISTING,Give me a few scenarios where Multithreading is not a good choice.
802,Theory,Concurrency,Multithreading,76,EXISTING TECHNICAL,EXISTING,Can you explain the lifecycle of a Thread?
803,Theory,Concurrency,Multithreading,74,Part B,NEW ✨ (pending),Can we start a Thread twice?
807,Theory,Concurrency,Multithreading,67,EXISTING TECHNICAL,EXISTING,How can we create a Thread in Java without using ExecutorService?
808,Theory,Concurrency,Multithreading,67,EXISTING TECHNICAL,EXISTING,What might go wrong if run() is called directly instead of start() on a Thread object?
809,Theory,Concurrency,Multithreading,69,EXISTING TECHNICAL,EXISTING,What is the difference between sleep() and wait()?
810,Theory,Concurrency,Multithreading,70,EXISTING TECHNICAL,EXISTING,Is Java Multithreading Synchronous or Asynchronous by default?
811,Theory,Concurrency,Multithreading / Contention,72,EXISTING TECHNICAL,EXISTING,Your Threads are experiencing high contention. How would you optimize Synchronization?
812,Theory,Concurrency,Multithreading / Debugging,69,EXISTING TECHNICAL,EXISTING,How would you debug a Thread that remains indefinitely in the waiting state?
813,Theory,Concurrency,Multithreading / Exception Handling,69,EXISTING TECHNICAL,EXISTING,What happens if a Thread throws an Exception and it is not caught?
815,Theory,Concurrency,Multithreading / Exchanger,75,Part B,NEW ✨ (pending),Can you tell me the purpose of Exchanger class in Java?
816,Theory,Concurrency,Multithreading / Exchanger,75,Part B,NEW ✨ (pending),In which scenario is Exchanger useful?
817,Theory,Concurrency,Multithreading / Inter-Thread Communication,75,Part B,NEW ✨ (pending),What is the difference between notify() and notifyAll()?
818,Theory,Concurrency,Multithreading / Process,70,EXISTING TECHNICAL,EXISTING,How do Threads and Processes differ in the way they share Memory?
820,Theory,Concurrency,Multithreading / Sleep,69,EXISTING TECHNICAL,EXISTING,What's the use of the sleep() method in threads?
821,Theory,Concurrency,Multithreading / System.out,70,EXISTING TECHNICAL,EXISTING,What happens if Two Threads call System.out.print() at the same time?
822,Theory,Concurrency,Multithreading / Thread Lifecycle,70,EXISTING TECHNICAL,EXISTING,Can a Thread go directly from the WAITING state to the RUNNING state?
823,Theory,Concurrency,Multithreading / Thread Lifecycle,72,EXISTING TECHNICAL,EXISTING,What's the difference between BLOCKED and WAITING Thread states?
826,Theory,Concurrency,Multithreading / ThreadLocal,82,EXISTING TECHNICAL,EXISTING,Can you describe a situation where using ThreadLocal can introduce Memory Leaks?
827,Theory,Concurrency,Multithreading / Wait-Notify,75,Part B,NEW ✨ (pending),Can you describe a scenario where you would use wait() and notify() for Thread communication?
828,Coding,Concurrency,Caching / Multithreading,314,EXISTING TECHNICAL,EXISTING,How would you implement a Thread-Safe LRU Cache?
829,Coding,Concurrency,Multithreading / Producer Consumer,75,Part B,NEW ✨ (pending),How would you implement a Producer-Consumer System in Java using BlockingQueue?
830,Job Experience,Concurrency,Multithreading,63,EXPERIENCE ANCHOR,EXISTING ANCHOR,Have you worked in a multithreaded environment?
831,Job Experience,Concurrency,Multithreading,64,EXPERIENCE ANCHOR,EXISTING ANCHOR,Have you used any synchronized or non-synchronized method in your Spring Boot application or project?
832,Job Experience,Concurrency,Multithreading,65,EXPERIENCE ANCHOR,EXISTING ANCHOR,What did you use for handling concurrent users in this project?
833,Job Experience,Concurrency,Multithreading,66,EXPERIENCE ANCHOR,EXISTING ANCHOR,Have you used the synchronized keyword anywhere?
834,Job Experience,Concurrency,Multithreading,67,EXPERIENCE ANCHOR,EXISTING ANCHOR,Have you used threads in any of your projects?
835,Job Experience,Concurrency,Multithreading,68,EXPERIENCE ANCHOR,EXISTING ANCHOR,How did multithreading come into the picture in your project? What was the requirement?
836,Job Experience,Concurrency,Multithreading,69,EXPERIENCE ANCHOR,EXISTING ANCHOR,Do you have experience with threads?
838,Job Experience,Concurrency,Multithreading,70,EXPERIENCE ANCHOR,EXISTING ANCHOR,Are you using Threads in your process?
839,Job Experience,Concurrency,Multithreading,71,EXPERIENCE ANCHOR,EXISTING ANCHOR,What feature have you implemented using Multithreading in your current project?
841,Job Experience,Concurrency,Multithreading,72,EXPERIENCE ANCHOR,EXISTING ANCHOR,"In your project, don't you have any synchronization issues?"
842,Job Experience,Concurrency,Multithreading,73,EXPERIENCE ANCHOR,EXISTING ANCHOR,Can you tell me how you guys are using Multithreading in your project?
843,Job Experience,Concurrency,Multithreading,74,EXPERIENCE ANCHOR,EXISTING ANCHOR,Have you worked with Threads or in a Concurrency environment?
844,Job Experience,Concurrency,Multithreading,75,EXPERIENCE ANCHOR,EXISTING ANCHOR,"Have you used Locks, especially ReentrantLock, to make things thread-safe?"
845,Job Experience,Concurrency,Multithreading,76,EXPERIENCE ANCHOR,EXISTING ANCHOR,"In your current project, did you write any Multithreaded code?"
846,Job Experience,Concurrency,Multithreading,77,EXPERIENCE ANCHOR,EXISTING ANCHOR,Do you have any concurrent system in your project?
847,Job Experience,Concurrency,Multithreading / Concurrency,78,EXPERIENCE ANCHOR,EXISTING ANCHOR,"Have you faced any Concurrency bug, and how did you find and fix it?"
848,Coding,Concurrency,Multithreading,78,EXISTING TECHNICAL,EXISTING,You receive high traffic on an API that updates a shared counter. How would you make it thread-safe and performant?
849,Theory,Concurrency,Multithreading / Synchronization,64,EXISTING TECHNICAL,EXISTING,What are the limitations of using the synchronized keyword?
850,Theory,Concurrency,Multithreading / Thread Safety,65,EXISTING TECHNICAL,EXISTING,What is a thread-safe class? Can you name a few from Java?
851,Theory,Concurrency,Collections / Thread Safety,74,EXISTING TECHNICAL,EXISTING,"What's the drawback of using Collections.synchronizedMap(), synchronizedSet() or synchronizedList()?"
852,Theory,Concurrency,Collections / Thread Safety,74,EXISTING TECHNICAL,EXISTING,Why would you use synchronizedMap()?
853,Theory,Concurrency,HashMap / Thread Safety,74,EXISTING TECHNICAL,EXISTING,Suppose you are storing user session data in a HashMap. How would you ensure thread safety?
855,Theory,Concurrency,HashMap / Thread Safety,74,EXISTING TECHNICAL,EXISTING,You have a shared cache used by multiple threads. You use a HashMap but the data is getting corrupted. What could be the issue and how would you fix it?
857,Theory,Concurrency,HashSet / Thread Safety,74,EXISTING TECHNICAL,EXISTING,"If we use ConcurrentHashMap for concurrency issues in HashMap, what would you use when there are concurrency issues in HashSet?"
858,Theory,Concurrency,Immutability / Thread Safety,74,EXISTING TECHNICAL,EXISTING,Is an Immutable Class always Thread-Safe?
859,Theory,Concurrency,Java Processes / Synchronization,74,EXISTING TECHNICAL,EXISTING,How can you synchronize two Java processes?
860,Theory,Concurrency,Multithreading / Lock API,75,EXISTING TECHNICAL,EXISTING,"What methods does the Java Lock API provide, such as lock(), unlock() and tryLock()?"
861,Theory,Concurrency,Multithreading / Locks,75,EXISTING TECHNICAL,EXISTING,What's the difference between synchronized and the Lock APIs?
862,Theory,Concurrency,Multithreading / ReentrantLock,75,EXISTING TECHNICAL,EXISTING,What does Fair Ordering mean in ReentrantLock?
863,Theory,Concurrency,Multithreading / Synchronization,64,EXISTING TECHNICAL,EXISTING,Can you explain the concept of synchronized keyword in Java?
864,Theory,Concurrency,Multithreading / Synchronization,64,EXISTING TECHNICAL,EXISTING,Can you describe a scenario where not using synchronized could cause an issue?
865,Theory,Concurrency,Multithreading / Synchronization,64,Part B,NEW ✨ (pending),Please describe synchronization in the context of multithreading.
867,Theory,Concurrency,Multithreading / Synchronization,63,EXISTING TECHNICAL,EXISTING,How would you handle a scenario where two threads need to update the same data structure?
868,Theory,Concurrency,Multithreading / Synchronization,66,EXISTING TECHNICAL,EXISTING,Your application reads a config file at startup and the values never change. Multiple threads read this config. Do we need synchronization here?
869,Theory,Concurrency,Multithreading / Synchronization,64,EXISTING TECHNICAL,EXISTING,Why do we need synchronization?
871,Theory,Concurrency,Multithreading / Synchronization,64,EXISTING TECHNICAL,EXISTING,How can we synchronize methods and blocks?
872,Theory,Concurrency,Multithreading / Synchronization,66,EXISTING TECHNICAL,EXISTING,What does the synchronized keyword do?
876,Theory,Concurrency,Multithreading / Synchronization,66,EXISTING TECHNICAL,EXISTING,"What's the purpose of the synchronized keyword in Java, and how does it help with Thread Safety?"
877,Theory,Concurrency,Multithreading / Synchronization,64,EXISTING TECHNICAL,EXISTING,What's the difference between a Synchronized Method and a Synchronized Block?
878,Theory,Concurrency,Multithreading / Synchronization,64,EXISTING TECHNICAL,EXISTING,"When would you choose a Synchronized Method over a Synchronized Block, or vice versa?"
879,Theory,Concurrency,Multithreading / Synchronization,75,EXISTING TECHNICAL,EXISTING,"Can we call wait() outside a synchronized block, and what happens if we do?"
880,Theory,Concurrency,Multithreading / Thread Safety,65,EXISTING TECHNICAL,EXISTING,Do you know about Thread Safety?
881,Theory,Concurrency,Multithreading / Thread Safety,65,EXISTING TECHNICAL,EXISTING,How can you ensure a method is thread-safe in Java?
882,Theory,Concurrency,Multithreading / Thread Safety,65,EXISTING TECHNICAL,EXISTING,How would you handle a situation where multiple Threads need to access a shared resource without using the synchronized keyword?
883,Theory,Concurrency,Multithreading / Thread Safety,65,EXISTING TECHNICAL,EXISTING,How would you make a class or a Collection thread-safe?
884,Theory,Concurrency,String / Thread Safety,64,Part B,NEW ✨ (pending),"What security risks might arise if String were not immutable, especially in a multithreaded environment?"
885,Theory,Concurrency,Wrapper Classes / Thread Safety,64,Part B,NEW ✨ (pending),How does the Immutability of Wrapper Classes benefit a Multithreaded application?
886,Theory,Concurrency,Multithreading / Atomic Variables,77,EXISTING TECHNICAL,EXISTING,Have you heard about AtomicInteger and atomic values?
887,Theory,Concurrency,Volatile Keyword,79,Part B,NEW ✨ (pending),"What are the limitations of the volatile keyword, and can it guarantee thread safety?"
889,Theory,Concurrency,Multithreading / Atomic Classes,77,EXISTING TECHNICAL,EXISTING,How do Atomic Classes such as AtomicInteger differ from synchronized blocks in terms of Performance and Usage?
890,Theory,Concurrency,Multithreading / Atomic Variables,78,EXISTING TECHNICAL,EXISTING,What's the difference between making variables atomic and making a method synchronized?
891,Theory,Concurrency,Volatile Keyword,79,EXISTING TECHNICAL,EXISTING,Do you know about the volatile keyword?
893,Theory,Concurrency,Volatile Keyword,79,EXISTING TECHNICAL,EXISTING,"If a variable is declared volatile, is it guaranteed that operations on it are atomic?"
894,Theory,Concurrency,Volatile Keyword,79,EXISTING TECHNICAL,EXISTING,"Does the volatile keyword resolve a concurrency problem, or is it just used for visibility issues?"
895,Theory,Concurrency,Volatile Keyword,79,EXISTING TECHNICAL,EXISTING,Can volatile alone ensure thread safety?
896,Theory,Concurrency,Volatile Keyword,79,EXISTING TECHNICAL,EXISTING,Can the volatile keyword solve concurrency issues?
898,Theory,Concurrency,Volatile Keyword / Multithreading,79,EXISTING TECHNICAL,EXISTING,Can volatile be helpful for resolving concurrency issues when multiple Threads are accessing a variable?
899,Theory,Concurrency,Java Memory Model,79,Part B,NEW ✨ (pending),Do you know about the Java Memory Model?
903,Theory,Concurrency,Java Memory Model,79,Part B,NEW ✨ (pending),"Can you explain the concept of Java Memory Model, especially the difference between Stack and Heap memory?"
904,Theory,Concurrency,Java Memory Model,79,Part B,NEW ✨ (pending),Can you describe the Java Memory Model and how it supports multithreaded applications?
906,Theory,Concurrency,Java Memory Model,79,Part B,NEW ✨ (pending),Can you explain the Java Memory Model and where an Object lives?
907,Theory,Concurrency,Java Memory Model / Multithreading,79,EXISTING TECHNICAL,EXISTING,How does the Java Memory Model affect the visibility of changes made by one thread to another?
908,Theory,Concurrency,Java Memory Model / Multithreading,79,Part B,NEW ✨ (pending),Can you describe a multithreaded case where improper handling of the Java Memory Model could cause issues?
909,Theory,Concurrency,Java Memory Model / Multithreading,79,Part B,NEW ✨ (pending),How does the Java Memory Model affect visibility and atomicity guarantees in a multithreaded environment?
910,Job Experience,Concurrency,Volatile Keyword,79,EXPERIENCE ANCHOR,EXISTING ANCHOR,Have you used the volatile keyword in any of your projects?
911,Theory,Concurrency,Multithreading / ForkJoinPool,80,EXISTING TECHNICAL,EXISTING,"What is ForkJoinPool, and how is it related to Parallel Streams?"
912,Theory,Concurrency,ExecutorService,68,EXISTING TECHNICAL,EXISTING,"If someone joins your team newly, how would you explain ExecutorService and how to configure and use it?"
913,Theory,Concurrency,ExecutorService,63,EXISTING TECHNICAL,EXISTING,Why is ExecutorService required?
914,Theory,Concurrency,ExecutorService,67,EXISTING TECHNICAL,EXISTING,What is the difference between submit() and execute() in ExecutorService?
915,Theory,Concurrency,ExecutorService / Thread Pool,67,EXISTING TECHNICAL,EXISTING,"You need to execute 1,000 tasks in parallel but don't want to create 1,000 Threads. How would you design this?"
916,Theory,Concurrency,Multithreading / Callable,69,EXISTING TECHNICAL,EXISTING,How would you cancel a long-running Callable?
917,Theory,Concurrency,Multithreading / ExecutorService,68,EXISTING TECHNICAL,EXISTING,You want to avoid creating too many threads but need to run many tasks. What pattern or framework would you use?
919,Theory,Concurrency,Multithreading / Thread Pool,68,EXISTING TECHNICAL,EXISTING,Do you know about Thread Pool?
920,Theory,Concurrency,Multithreading / Thread Pool,68,EXISTING TECHNICAL,EXISTING,Your Service uses a fixed Thread Pool of size 10. Traffic suddenly spikes and requests queue heavily. How would you tune the Thread Pool?
921,Theory,Concurrency,Multithreading / Thread Pool,71,EXISTING TECHNICAL,EXISTING,"What different types of Thread Pools are available, such as Fixed, Cached and Scheduled Thread Pools?"
922,Theory,Concurrency,Multithreading / Thread Pools,71,EXISTING TECHNICAL,EXISTING,What is the difference between ThreadPoolExecutor and ForkJoinPool?
923,Coding,Concurrency,Multithreading / ExecutorService,71,EXISTING TECHNICAL,EXISTING,"You need to process 10,000 independent tasks but want to limit execution to 20 concurrent tasks at a time. How would you implement this?"
924,Theory,Concurrency,Parallel Streams / ForkJoinPool,80,EXISTING TECHNICAL,EXISTING,Which Thread Pool does a Parallel Stream use internally?
926,Job Experience,Concurrency,Multithreading / Thread Pool,80,EXPERIENCE ANCHOR,EXISTING ANCHOR,"Can you tell me about Thread Pool? Why do we use it, and have you used Thread Pool concepts in any personal or professional project?"
927,Theory,Concurrency,Java / Callback Function,71,Part C,NEW ✨ (pending),Have you heard about callback functions?
928,Theory,Concurrency,Asynchronous Processing,73,EXISTING TECHNICAL,EXISTING,What is the meaning of asynchronous here? How does asynchronous work?
929,Theory,Concurrency,Asynchronous Processing,73,EXISTING TECHNICAL,EXISTING,How do you handle asynchronous operations in a Spring Boot application?
930,Theory,Concurrency,Asynchronous Processing,71,Part B,NEW ✨ (pending),What about @Async?
931,Theory,Concurrency,Asynchronous Processing,71,Part B,NEW ✨ (pending),Can you please tell me the annotations for asynchronous functionality?
932,Theory,Concurrency,CompletableFuture,71,Part B,NEW ✨ (pending),How would you run tasks in parallel and combine their results when both complete?
933,Theory,Concurrency,CompletableFuture,71,Part B,NEW ✨ (pending),"What is CompletableFuture, and why is it useful?"
934,Theory,Concurrency,CompletableFuture,73,EXISTING TECHNICAL,EXISTING,"What is the difference between Future and CompletableFuture, and how does CompletableFuture improve Asynchronous Programming?"
935,Theory,Concurrency,CompletableFuture,71,Part B,NEW ✨ (pending),How does CompletableFuture improve Asynchronous Programming compared with Future?
936,Theory,Concurrency,CompletableFuture,71,Part B,NEW ✨ (pending),"How does CompletableFuture work, and how would you chain Dependent Asynchronous Tasks?"
937,Theory,Concurrency,CompletableFuture,71,Part B,NEW ✨ (pending),How would you combine multiple CompletableFutures into a single CompletableFuture?
939,Theory,Concurrency,Java / Callback Function,71,Part C,NEW ✨ (pending),Is a callback function a kind of circular dependency or not?
940,Theory,Concurrency,Multithreading / Deadlock,72,EXISTING TECHNICAL,EXISTING,Do you know about Deadlock in Multithreading?
941,Theory,Concurrency,Multithreading / Deadlock,81,EXISTING TECHNICAL,EXISTING,Can you describe a situation where a Thread remains indefinitely in the waiting state?
942,Theory,Concurrency,Multithreading / Deadlock,72,EXISTING TECHNICAL,EXISTING,How can we get rid of a Deadlock?
943,Theory,Concurrency,Multithreading / Deadlock,81,EXISTING TECHNICAL,EXISTING,Can a Deadlock occur with only a single Thread?
944,Coding,Concurrency,Multithreading / Deadlock,72,EXISTING TECHNICAL,EXISTING,How would you design code to prevent Deadlock when acquiring two Locks?
945,Job Experience,Concurrency,Multithreading / Deadlock,81,EXPERIENCE ANCHOR,EXISTING ANCHOR,Have you ever faced a Deadlock situation in your project?
946,Production,Concurrency,Multithreading / Deadlock,72,EXISTING TECHNICAL,EXISTING,You have a Deadlock in Production. How would you detect and resolve it without restarting the JVM?
947,Theory,Concurrency,CopyOnWriteArrayList,77,Part B,NEW ✨ (pending),Why can iteration over a CopyOnWriteArrayList avoid locking compared with a normal mutable list?
949,Theory,Concurrency,Java 8 / Concurrency,74,Part B,NEW ✨ (pending),What changes were introduced in Java's Concurrency Model in Java 8?
950,Theory,Concurrency,ThreadLocal,82,EXISTING TECHNICAL,EXISTING,You want each user session in a multithreaded application to maintain its own instance of a variable. What Java concept would you use?
952,Theory,Concurrency,ThreadLocal,82,EXISTING TECHNICAL,EXISTING,Do you know about ThreadLocal?
953,Theory,Concurrency,Virtual Threads / Java 21,49,Part B,NEW ✨ (pending),Do you know the concept of virtual threads in Java?
954,Job Experience,Concurrency,ThreadLocal,82,EXPERIENCE ANCHOR,EXISTING ANCHOR,Have you worked with ThreadLocal?
955,Theory,Problem Solving,Recursion,8,Part I,NEW ✨ (pending),What will happen if you call a method inside its own body without a terminating condition?
956,Theory,Problem Solving,Recursion,8,Part I,NEW ✨ (pending),How is recursion different from iteration?
957,Coding,Problem Solving,Coding / Two-Pointer Technique,29,Part D,NEW ✨ (pending),Have you used the Two-Pointer Technique while solving Coding Problems?
959,Coding,Problem Solving,Coding Best Practices,29,Part D,NEW ✨ (pending),What are KISS and DRY coding principles?
960,Coding,Problem Solving,Core Java,29,Part D,NEW ✨ (pending),"If a class contains uninitialized int instance variables and you print them through an Object, what will the output be?"
961,Coding,Problem Solving,Core Java,29,Part D,NEW ✨ (pending),What happens if an integer value is used directly as the condition of a for loop instead of a boolean expression?
962,Coding,Problem Solving,Core Java,29,Part D,NEW ✨ (pending),What happens if a break statement is used inside an if block that is not inside a Loop or switch?
963,Coding,Problem Solving,Java Coding,29,Part D,NEW ✨ (pending),Write Java code to swap two numbers without using a temporary variable.
964,Coding,Problem Solving,Java Coding,4,Part C,NEW ✨ (pending),Explain your approach and the code you wrote for finding the first non-repeating character.
965,Coding,Problem Solving,Java Coding / Complexity,29,Part D,NEW ✨ (pending),What would be the time complexity of your solution?
967,Coding,Problem Solving,Java Coding / Prime Number,5,Part V,NEW ✨ (pending),How will you find whether a number is prime or not in the fastest way? What would be your best approach?
968,Coding,Problem Solving,Java Coding / Recursion,8,Part H,NEW ✨ (pending),Find the factorial of a number using recursion instead of Stream API.
969,Coding,Problem Solving,Java Coding / Recursion,8,Part H,NEW ✨ (pending),Write a program to calculate the nth Fibonacci number.
970,Coding,Problem Solving,Java Coding / Sorting,29,Part E,NEW ✨ (pending),"If a program requires sorting an array, how would you sort it in Java? What approach do you generally use?"
971,Coding,Problem Solving,Java Coding / Sorting,29,Part E,NEW ✨ (pending),You have a list of String names. Show two different ways to sort them alphabetically.
972,Coding,Problem Solving,Stream API,40,Part D,NEW ✨ (pending),Write a Java program to count the occurrence of each character in a given string using Stream API.
973,Coding,Problem Solving,Stream API,40,Part D,NEW ✨ (pending),You are given a string and you have to convert the string into uppercase. All characters of the string should be in uppercase.
974,Coding,Problem Solving,Stream API,40,Part D,NEW ✨ (pending),"Take a list, enter two or three strings, and convert all those strings into uppercase."
975,Coding,Problem Solving,Stream API,40,Part D,NEW ✨ (pending),"You are given a list of Employee objects, each with name and salary. Use Stream API to find the employee with the second-highest salary and return its name. Alternatively, assume a list of integers and find the second-highest number."
976,Coding,Problem Solving,Stream API,40,Part D,NEW ✨ (pending),"You are given a list containing employee salaries. Count how many salaries are greater than 10,000."
977,Coding,Problem Solving,Stream API,40,Part D,NEW ✨ (pending),You are given integers and you have to print the sum of those integers using Stream API.
978,Coding,Problem Solving,Stream API,40,Part E,NEW ✨ (pending),Now you are given a List instead of an array. How would you solve it?
979,Coding,Problem Solving,Stream API,40,Part E,NEW ✨ (pending),You are given a list of Strings. Modify the list so that the first letter of every String is uppercase and the remaining letters are lowercase using Java 8 Stream API.
980,Coding,Problem Solving,Stream API,40,Part E,NEW ✨ (pending),How would you find the third-highest number from the same list using Stream API?
981,Coding,Problem Solving,Stream API,40,Part E,NEW ✨ (pending),How would you check whether the substring exists in the main String using Java Stream features?
982,Coding,Problem Solving,Stream API,40,Part E,NEW ✨ (pending),"You are given a list of numbers containing unique and duplicate values. Using Stream API, output a list containing only unique elements."
983,Coding,Problem Solving,Stream API,40,Part E,NEW ✨ (pending),"Using the same list, print only the duplicate elements."
984,Coding,Problem Solving,Stream API,40,Part E,NEW ✨ (pending),Print the sum of all the numbers using Stream API.
985,Coding,Problem Solving,Stream API,40,Part F,NEW ✨ (pending),You are given a list of integers. Return the sum of all odd numbers from the list using Stream API.
986,Coding,Problem Solving,Stream API,40,Part F,NEW ✨ (pending),How would you modify the solution to calculate the sum of squares of all odd numbers?
987,Coding,Problem Solving,Stream API,40,Part F,NEW ✨ (pending),You are given an array or ArrayList. Sort it in both ascending and descending order using Stream API.
988,Coding,Problem Solving,Stream API,40,Part F,NEW ✨ (pending),You are given a list of integers. Find all the numbers starting with 1 using Stream functions and print those numbers.
989,Coding,Problem Solving,Stream API,40,Part F,NEW ✨ (pending),You are given a list of numbers. Find and print the three maximum and three minimum numbers using Stream API.
990,Coding,Problem Solving,Stream API,40,Part F,NEW ✨ (pending),Find the factorial of a given integer using Stream API.
991,Coding,Problem Solving,Stream API,40,Part F,NEW ✨ (pending),"Given a List of Numbers, find the Top Three Highest Numbers using Stream API."
993,Coding,Problem Solving,Stream API,40,Part G,NEW ✨ (pending),You are given a list of Strings. Group the words by their length using Java Stream API.
994,Coding,Problem Solving,Stream API,40,Part G,NEW ✨ (pending),You are given a String containing numbers and alphabets with no fixed pattern. Return how many numbers and how many alphabets are present.
995,Coding,Problem Solving,Stream API,40,Part G,NEW ✨ (pending),"From a String containing numbers and alphabets, print only the count of numeric characters."
996,Coding,Problem Solving,Stream API,40,Part G,NEW ✨ (pending),You are given a List of Strings. Join all the Strings with a comma and return one single String using Stream API.
997,Coding,Problem Solving,Stream API,40,Part G,NEW ✨ (pending),You are given a List of Strings. Print the longest String among all the Strings.
998,Coding,Problem Solving,Stream API,40,Part G,NEW ✨ (pending),You are given a number n. Find the sum of Prime Numbers from 1 to n using Stream API.
999,Coding,Problem Solving,Stream API,40,Part G,NEW ✨ (pending),"Given a List of Integers and a value k, print the k most frequent elements using Stream API."
1000,Coding,Problem Solving,Stream API,40,Part H,NEW ✨ (pending),"Given a List of Integers, calculate the sum of all elements using Stream API."
1002,Coding,Problem Solving,Stream API,40,Part H,NEW ✨ (pending),"Given a String, check whether it is a Palindrome using Stream API."
1003,Coding,Problem Solving,Stream API,40,Part H,NEW ✨ (pending),"Given a List of Integers, find the first repeating Integer using Stream API."
1004,Coding,Problem Solving,Stream API,40,Part H,NEW ✨ (pending),"Given a List of Strings, print only the Palindrome Strings using Stream API."
1005,Coding,Problem Solving,Stream API,40,Part H,NEW ✨ (pending),Find the top three most frequently occurring words in a List of Strings using Stream API.
1006,Coding,Problem Solving,Stream API,40,Part H,NEW ✨ (pending),"Given a List of Integers, calculate the sum of only the Even Numbers using Stream API."
1007,Coding,Problem Solving,Stream API,40,Part H,NEW ✨ (pending),"Given an Array of Numbers, filter the Even Numbers, double them, and collect the result into a List using Stream API."
1008,Coding,Problem Solving,Stream API,40,Part I,NEW ✨ (pending),"Given a List of Integers, find the Maximum Value using Stream API."
1009,Coding,Problem Solving,Stream API,40,Part I,NEW ✨ (pending),"Given a Number such as 123, find the sum of its digits using Stream API."
1011,Coding,Problem Solving,Stream API,40,Part I,NEW ✨ (pending),"Given Employee Salaries, calculate the Average Salary using Stream API."
1012,Coding,Problem Solving,Stream API,40,Part I,NEW ✨ (pending),"Given a List of Strings, find the Third-Largest String using Stream API."
1013,Coding,Problem Solving,Stream API,40,Part I,NEW ✨ (pending),"Given a List of Numbers, find the Duplicate Elements using Stream API."
1014,Theory,Design & Architecture,Cohesion,83,EXISTING TECHNICAL,EXISTING,Have you heard about Cohesion?
1015,Theory,Design & Architecture,Design Patterns / SOLID,84,EXISTING TECHNICAL,EXISTING,Give me an example of a design pattern which is based on the Open/Closed Principle.
1016,Theory,Design & Architecture,Design Patterns / SOLID,84,EXISTING TECHNICAL,EXISTING,"A Payment Module supports Razorpay, PayPal and Stripe, with new Providers expected every quarter. How would you design it so new Providers can be added without major changes?"
1017,Theory,Design & Architecture,OOP / Coupling,83,EXISTING TECHNICAL,EXISTING,What is the difference between Loose Coupling and Tight Coupling?
1018,Theory,Design & Architecture,OOP / Design Principles,84,EXISTING TECHNICAL,EXISTING,Do you know about composition over inheritance principle?
1019,Theory,Design & Architecture,Singleton / SOLID,85,EXISTING TECHNICAL,EXISTING,Does the Singleton Design Pattern violate SOLID Principles?
1020,Theory,Design & Architecture,SOLID / Liskov Substitution Principle,85,EXISTING TECHNICAL,EXISTING,"A Square extends Rectangle, which has setWidth() and setHeight(). Does this violate the Liskov Substitution Principle?"
1022,Theory,Design & Architecture,SOLID / Open-Closed Principle,84,EXISTING TECHNICAL,EXISTING,How does Spring help achieve the Open-Closed Principle?
1023,Theory,Design & Architecture,SOLID Principles,83,EXISTING TECHNICAL,EXISTING,Can you explain the Liskov Substitution Principle?
1025,Theory,Design & Architecture,SOLID Principles,83,EXISTING TECHNICAL,EXISTING,Can you explain the Single Responsibility Principle?
1027,Theory,Design & Architecture,SOLID Principles,83,EXISTING TECHNICAL,EXISTING,"In SOLID principles, can you explain Liskov Substitution and Interface Segregation with real examples?"
1028,Theory,Design & Architecture,SOLID Principles,83,EXISTING TECHNICAL,EXISTING,What about the Open/Closed Principle?
1030,Theory,Design & Architecture,SOLID Principles,84,EXISTING TECHNICAL,EXISTING,"A class is doing database logic, email and validation. Which SOLID principle is violated?"
1031,Theory,Design & Architecture,SOLID Principles,83,EXISTING TECHNICAL,EXISTING,Can strictly following every SOLID Principle ever make the Code worse?
1032,Theory,Design & Architecture,Strategy Pattern / SOLID,84,EXISTING TECHNICAL,EXISTING,What's the similarity between Strategy pattern and the Open/Closed Principle from SOLID?
1033,Job Experience,Design & Architecture,SOLID Principles,83,EXPERIENCE ANCHOR,EXISTING ANCHOR,Are you guys following SOLID principles?
1034,Job Experience,Design & Architecture,SOLID Principles,84,EXPERIENCE ANCHOR,EXISTING ANCHOR,Can you give me an example where you have applied a SOLID principle in your code?
1035,Job Experience,Design & Architecture,SOLID Principles,85,EXPERIENCE ANCHOR,EXISTING ANCHOR,Which SOLID principle do you use most in your projects?
1036,Job Experience,Design & Architecture,SOLID Principles,86,EXPERIENCE ANCHOR,EXISTING ANCHOR,Have you encountered a SOLID Principle violation in your code and fixed it?
1044,Theory,Design & Architecture,Design Patterns,87,Part B,NEW ✨ (pending),Have you heard about the Adapter Design Pattern?
1049,Theory,Design & Architecture,Singleton,89,Part B,NEW ✨ (pending),What is the Double-Checked Locking Pattern for Singleton?
1050,Theory,Design & Architecture,Singleton,89,Part B,NEW ✨ (pending),What are Lazy and Eager Singleton implementations?
1051,Theory,Design & Architecture,Builder Design Pattern,87,EXISTING TECHNICAL,EXISTING,What does the Builder design pattern do?
1052,Theory,Design & Architecture,Builder Design Pattern,87,EXISTING TECHNICAL,EXISTING,You have a complex object with optional fields. How would the Builder pattern help compared to telescoping constructors?
1054,Theory,Design & Architecture,Builder Design Pattern,87,EXISTING TECHNICAL,EXISTING,You are designing an API for creating a complex configuration object. Which Design Pattern would you choose to facilitate ease of use and flexibility in object creation?
1055,Theory,Design & Architecture,Design Patterns,87,EXISTING TECHNICAL,EXISTING,Do you know about design patterns?
1057,Theory,Design & Architecture,Design Patterns,87,EXISTING TECHNICAL,EXISTING,Can you tell me the purpose of design patterns? Why do developers introduce design patterns?
1060,Theory,Design & Architecture,Design Patterns,87,Part B,NEW ✨ (pending),Do you know about the Proxy design pattern?
1063,Theory,Design & Architecture,Design Patterns,87,EXISTING TECHNICAL,EXISTING,What's the difference between Factory design pattern and Builder pattern?
1064,Theory,Design & Architecture,Design Patterns,88,EXISTING TECHNICAL,EXISTING,Tell me one Design Pattern that you know best.
1067,Theory,Design & Architecture,Design Patterns,87,EXISTING TECHNICAL,EXISTING,How do you choose the appropriate Design Pattern for a particular problem? What criteria do you use?
1068,Theory,Design & Architecture,Design Patterns,90,EXISTING TECHNICAL,EXISTING,What is the difference between the Factory Pattern and Strategy Pattern?
1070,Theory,Design & Architecture,Design Patterns / Template Method,90,Part B,NEW ✨ (pending),"You have a Superclass method that all Subclasses should use, but some Subclasses require additional steps. How would you design this?"
1071,Theory,Design & Architecture,Factory Design Pattern,90,EXISTING TECHNICAL,EXISTING,Do you know about the Factory pattern?
1073,Theory,Design & Architecture,Observer Design Pattern,90,Part B,NEW ✨ (pending),Let's say a YouTube publisher has a channel with multiple subscribers. Which design pattern can be used here?
1074,Theory,Design & Architecture,Singleton,89,EXISTING TECHNICAL,EXISTING,Can you tell me about Singleton classes?
1075,Theory,Design & Architecture,Singleton,89,EXISTING TECHNICAL,EXISTING,How can we create Singleton classes?
1079,Theory,Design & Architecture,Singleton,89,EXISTING TECHNICAL,EXISTING,What is the difference between Lazy and Eager Singleton?
1081,Theory,Design & Architecture,Singleton,89,Part B,NEW ✨ (pending),"There are multiple Singleton implementations, such as enum-based implementation. Which one is the best?"
1082,Theory,Design & Architecture,Singleton,89,EXISTING TECHNICAL,EXISTING,Can you discuss the different ways to create a Singleton and their trade-offs?
1084,Theory,Design & Architecture,Singleton,89,Part B,NEW ✨ (pending),Can you tell me a use case of the Singleton pattern?
1085,Theory,Design & Architecture,Singleton,89,Part B,NEW ✨ (pending),Can you create multiple instances of a Singleton class in Java?
1086,Theory,Design & Architecture,Singleton,89,Part B,NEW ✨ (pending),"In a Singleton class, forget about Enum implementation. Even if we make it thread-safe using double locking, can we still create multiple instances?"
1090,Theory,Design & Architecture,Singleton,178,EXISTING TECHNICAL,EXISTING,Have you worked with Singleton classes? Can you explain Singleton?
1097,Theory,Design & Architecture,Singleton,89,EXISTING TECHNICAL,EXISTING,"Can a Private Constructor used for Singleton be bypassed using Reflection, Serialization or Cloning?"
1098,Theory,Design & Architecture,Singleton / Cloning,89,Part C,NEW ✨ (pending),How can we prevent a Singleton object from cloning? What strategy or methods can be used for preventing the Singleton object from being cloned?
1099,Theory,Design & Architecture,Singleton / Cloning,89,Part C,NEW ✨ (pending),What happens if you Clone a Singleton Class?
1100,Theory,Design & Architecture,Singleton / Enum,89,EXISTING TECHNICAL,EXISTING,We don't write synchronized or other locking code in an Enum Singleton. Why is it thread-safe?
1101,Theory,Design & Architecture,Singleton / Multithreading,89,Part C,NEW ✨ (pending),Are these thread-safe?
1102,Theory,Design & Architecture,Singleton / Multithreading,89,Part C,NEW ✨ (pending),How will you create a thread-safe Singleton in Java using double-check locking?
1103,Theory,Design & Architecture,Singleton / Reflection / Serialization,89,Part D,NEW ✨ (pending),Can we create multiple Singleton instances via Reflection or Serialization?
1104,Theory,Design & Architecture,Singleton / Serialization,89,Part D,NEW ✨ (pending),What problems can Serialization and Reflection cause in a Singleton implementation?
1110,Theory,Design & Architecture,Singleton / Thread Safety,89,Part D,NEW ✨ (pending),Your colleague creates a Singleton class and you notice it is not Thread-Safe. How would you fix it?
1111,Coding,Design & Architecture,Design Patterns,87,Part B,NEW ✨ (pending),"You are building a Fraud Detection Pipeline where each Rule can decide whether processing should continue or stop. Which Design Pattern fits best, and how would you implement it?"
1112,Coding,Design & Architecture,Singleton,89,Part B,NEW ✨ (pending),"If someone asks you to write the best implementation of Singleton design pattern, what would you write, enum-based or double locking?"
1113,Coding,Design & Architecture,Singleton,89,Part C,NEW ✨ (pending),Can you describe how you would implement a Singleton pattern in Java?
1120,Coding,Design & Architecture,Singleton / Enum,89,Part C,NEW ✨ (pending),"How can we implement the Singleton design pattern through Enum, and how is it thread-safe?"
1121,Job Experience,Design & Architecture,Builder Pattern,87,EXPERIENCE ANCHOR,EXISTING ANCHOR,You said you have worked on Builder pattern. Can you tell me the use case where you have used it in your project?
1123,Job Experience,Design & Architecture,Design Patterns,88,EXPERIENCE ANCHOR,EXISTING ANCHOR,Where have you used it and why?
1126,Job Experience,Design & Architecture,Singleton,89,EXPERIENCE ANCHOR,EXISTING ANCHOR,Have you created a Singleton before?
1128,Production,Design & Architecture,Singleton,89,Part C,NEW ✨ (pending),What real problems can the Singleton Design Pattern cause in Production?
1129,Job Experience,Design & Architecture,Strategy Design Pattern,90,EXPERIENCE ANCHOR,EXISTING ANCHOR,Where have you used Strategy pattern in your project or anywhere?
1130,Theory,Design & Architecture,System Design / Design Patterns,90,EXISTING TECHNICAL,EXISTING,"How would you design a Payment Module supporting Card, UPI and Wallet payments?"
1131,Theory,Testing,JUnit,91,EXISTING TECHNICAL,EXISTING,What is JUnit?
1132,Theory,Testing,JUnit,91,EXISTING TECHNICAL,EXISTING,What are the mandatory or important annotations used while writing JUnit test cases?
1134,Theory,Testing,JUnit,93,EXISTING TECHNICAL,EXISTING,Do you know the difference between JUnit 5 and JUnit 4?
1135,Theory,Testing,JUnit,93,EXISTING TECHNICAL,EXISTING,What if the test class is not public? What would happen?
1136,Theory,Testing,JUnit,91,EXISTING TECHNICAL,EXISTING,Can you briefly explain JUnit test cases and why we use them?
1137,Job Experience,Testing,JUnit,91,EXPERIENCE ANCHOR,EXISTING ANCHOR,Do you guys write JUnit test cases as well?
1138,Job Experience,Testing,JUnit,92,EXPERIENCE ANCHOR,EXISTING ANCHOR,Do you have experience in JUnit test cases?
1139,Job Experience,Testing,JUnit,93,EXPERIENCE ANCHOR,EXISTING ANCHOR,"Which version are you more comfortable with for unit test cases, JUnit 4 or JUnit 5?"
1140,Job Experience,Testing,JUnit,94,EXPERIENCE ANCHOR,EXISTING ANCHOR,Did you get a chance to work with JUnit 5?
1141,Job Experience,Testing,JUnit,95,EXPERIENCE ANCHOR,EXISTING ANCHOR,Have you used Assertions in your Unit Test cases?
1142,Theory,Testing,AI / Unit Testing,96,EXISTING TECHNICAL,EXISTING,What is the solution to relying on AI for writing test cases without gaining the underlying experience?
1143,Theory,Testing,Mockito,99,EXISTING TECHNICAL,EXISTING,What is the @Spy annotation?
1144,Theory,Testing,Mockito / Spring Boot Testing,99,EXISTING TECHNICAL,EXISTING,What are the benefits of using the @MockBean annotation?
1145,Theory,Testing,Testing / Code Coverage,94,EXISTING TECHNICAL,EXISTING,What is a standard percentage for code coverage?
1146,Theory,Testing,AI / Unit Testing,96,EXISTING TECHNICAL,EXISTING,"If AI is writing your JUnit test cases, what are you guys learning?"
1147,Theory,Testing,AI / Unit Testing,96,EXISTING TECHNICAL,EXISTING,How would you face real JUnit testing challenges if you are asking AI to write the test cases?
1148,Theory,Testing,AI / Unit Testing,96,EXISTING TECHNICAL,EXISTING,"If a fresher relies on AI to write JUnit test cases, how would that fresher gain the real issues, scenarios and challenges that an experienced developer knows?"
1149,Theory,Testing,JUnit / Mockito,91,EXISTING TECHNICAL,EXISTING,How do JUnit and Mockito help with unit testing in Java projects?
1150,Theory,Testing,JUnit / Spring Boot Testing,92,EXISTING TECHNICAL,EXISTING,Do you know about some annotations used before writing JUnit test cases?
1151,Theory,Testing,Mockito,92,EXISTING TECHNICAL,EXISTING,Do you know about Mockito framework?
1152,Theory,Testing,Mockito,92,EXISTING TECHNICAL,EXISTING,Why do we need Mockito framework?
1153,Theory,Testing,Mockito,92,EXISTING TECHNICAL,EXISTING,What's the role of Mockito?
1154,Theory,Testing,Mockito,92,EXISTING TECHNICAL,EXISTING,What is the difference between @Mock and @InjectMocks?
1157,Theory,Testing,Mockito / PowerMock,93,EXISTING TECHNICAL,EXISTING,When would you use PowerMock instead of Mockito?
1158,Theory,Testing,Mockito / Spring Boot Testing,93,EXISTING TECHNICAL,EXISTING,What is the difference between @MockBean and @Mock?
1164,Theory,Testing,Spring Boot Testing,92,EXISTING TECHNICAL,EXISTING,What's the role of @SpringBootTest annotation?
1165,Theory,Testing,Spring Boot Testing,94,EXISTING TECHNICAL,EXISTING,Do we have any disadvantages or limitations of @SpringBootTest annotation?
1166,Theory,Testing,Spring Testing,93,EXISTING TECHNICAL,EXISTING,What is the difference between @SpringBootTest and @DataJpaTest?
1167,Theory,Testing,Testing,91,EXISTING TECHNICAL,EXISTING,"Can we deploy our application without JUnit test cases, or are they mandatory?"
1168,Theory,Testing,Testing,94,EXISTING TECHNICAL,EXISTING,Are you aware of other testing approaches such as End-to-End Testing and Regression Testing?
1169,Theory,Testing,Testing / Code Coverage,94,EXISTING TECHNICAL,EXISTING,How would you exclude a File from Code Coverage?
1170,Theory,Testing,Unit Testing,91,EXISTING TECHNICAL,EXISTING,What's the purpose of unit testing in software development?
1172,Theory,Testing,Unit Testing,95,EXISTING TECHNICAL,EXISTING,How can we test a static method?
1173,Theory,Testing,Unit Testing,91,EXISTING TECHNICAL,EXISTING,Why are unit test cases important?
1174,Theory,Testing,Unit Testing,94,EXISTING TECHNICAL,EXISTING,Should test cases be there for async methods?
1175,Theory,Testing,Unit Testing,94,EXISTING TECHNICAL,EXISTING,Why should test cases be written for async methods?
1177,Theory,Testing,Unit Testing,96,EXISTING TECHNICAL,EXISTING,Why do we use JUnit test cases if an application can be deployed without them?
1178,Theory,Testing,Unit Testing,92,EXISTING TECHNICAL,EXISTING,"How do you write a Unit Test Case from scratch? What is your approach, and which Spring Boot annotations or concepts do you use?"
1179,Theory,Testing,Unit Testing,93,EXISTING TECHNICAL,EXISTING,How would you Unit Test a Class containing Private Methods with no Setters or Public Constructors?
1180,Theory,Testing,Unit Testing / Async,94,EXISTING TECHNICAL,EXISTING,How would you write a Unit Test for an Asynchronous Method?
1181,Theory,Testing,Unit Testing / CI,93,EXISTING TECHNICAL,EXISTING,A Unit Test fails only on CI but passes locally. What are the possible causes?
1182,Theory,Testing,Unit Testing / Mockito,99,EXISTING TECHNICAL,EXISTING,How do you mock a JpaRepository method in Unit Testing using Mockito?
1183,Theory,Testing,Unit Testing / Reflection,112,EXISTING TECHNICAL,EXISTING,How would you Unit Test a Class that uses Private Methods and has no Setters or Public Constructors?
1184,Job Experience,Testing,AI / Unit Testing,96,EXPERIENCE ANCHOR,EXISTING ANCHOR,Why are you using AI to write your test cases?
1185,Job Experience,Testing,API Testing,97,EXPERIENCE ANCHOR,EXISTING ANCHOR,On what platform are you testing your API?
1187,Job Experience,Testing,Legacy Code / Testing,98,EXPERIENCE ANCHOR,EXISTING ANCHOR,You find Legacy Code with no Unit Test coverage. What would be your approach before modifying or refactoring it?
1188,Job Experience,Testing,Mockito,99,EXPERIENCE ANCHOR,EXISTING ANCHOR,Have you used the @InjectMocks annotation?
1189,Job Experience,Testing,Spring Boot Testing,100,EXPERIENCE ANCHOR,EXISTING ANCHOR,What steps do you follow from scratch for testing a Spring Boot application?
1190,Job Experience,Testing,Testing,101,EXPERIENCE ANCHOR,EXISTING ANCHOR,How are you guys doing test cases and testing? How are you guys testing your application?
1191,Job Experience,Testing,Testing,102,EXPERIENCE ANCHOR,EXISTING ANCHOR,How do you perform testing in your project? Can you tell me step by step?
1192,Job Experience,Testing,Testing,103,EXPERIENCE ANCHOR,EXISTING ANCHOR,What about the testing efforts within that one-week Sprint?
1193,Job Experience,Testing,Testing,104,EXPERIENCE ANCHOR,EXISTING ANCHOR,What's the testing strategy in your current project?
1195,Job Experience,Testing,Testing,105,EXPERIENCE ANCHOR,EXISTING ANCHOR,Do you write Integration Test cases or End-to-End tests?
1197,Job Experience,Testing,Testing,106,EXPERIENCE ANCHOR,EXISTING ANCHOR,Have you implemented Integration Tests or Unit Tests?
1198,Job Experience,Testing,Testing / Code Coverage,107,EXPERIENCE ANCHOR,EXISTING ANCHOR,What's the code coverage rule in your project?
1201,Job Experience,Testing,Testing / Code Coverage,108,EXPERIENCE ANCHOR,EXISTING ANCHOR,What is the test coverage in your project?
1202,Job Experience,Testing,Testing / Regression,109,EXPERIENCE ANCHOR,EXISTING ANCHOR,How do you ensure your code changes do not break existing functionality? What steps do you usually take?
1203,Job Experience,Testing,Unit Testing,110,EXPERIENCE ANCHOR,EXISTING ANCHOR,Do you test Spring Boot applications by writing unit test cases in your project?
1204,Job Experience,Testing,Unit Testing,111,EXPERIENCE ANCHOR,EXISTING ANCHOR,Have you ever tested a static method?
1205,Job Experience,Testing,Unit Testing,112,EXPERIENCE ANCHOR,EXISTING ANCHOR,Do you guys write unit test cases?
1207,Job Experience,Testing,Unit Testing,113,EXPERIENCE ANCHOR,EXISTING ANCHOR,"Do you guys write JUnit test cases yourself, or do you ask AI to write them?"
1210,Job Experience,Testing,Unit Testing,114,EXPERIENCE ANCHOR,EXISTING ANCHOR,What's your approach to writing a test case?
1211,Job Experience,Testing,Unit Testing / Async,115,EXPERIENCE ANCHOR,EXISTING ANCHOR,Did you get a chance to write a test case for an async method?
1212,Theory,Engineering Tools,Gradle,116,EXISTING TECHNICAL,EXISTING,What is the Gradle Build Lifecycle?
1213,Theory,Engineering Tools,JUnit / Maven,100,EXISTING TECHNICAL,EXISTING,What is the Dependency for JUnit?
1214,Theory,Engineering Tools,Maven,1,EXISTING TECHNICAL,EXISTING,What is the role of pom.xml in a Spring Boot project?
1216,Theory,Engineering Tools,Maven,100,EXISTING TECHNICAL,EXISTING,What is the purpose of dependencyManagement inside pom.xml?
1217,Theory,Engineering Tools,Maven,100,EXISTING TECHNICAL,EXISTING,What is an Effective POM?
1218,Theory,Engineering Tools,Gradle / Dependency Management,116,EXISTING TECHNICAL,EXISTING,Maven stores downloaded Dependencies in the .m2 folder. How is Dependency storage handled in Gradle?
1219,Theory,Engineering Tools,Maven,1,EXISTING TECHNICAL,EXISTING,Can you explain the Maven lifecycle and its phases?
1220,Theory,Engineering Tools,Maven,1,EXISTING TECHNICAL,EXISTING,"Do you know about Maven, like what Maven is and why are we using Maven in our project?"
1221,Theory,Engineering Tools,Maven,101,EXISTING TECHNICAL,EXISTING,What's the difference between mvn clean and mvn install?
1225,Theory,Engineering Tools,Maven,103,EXISTING TECHNICAL,EXISTING,How would you optimize a Maven build for a large project with multiple modules?
1226,Theory,Engineering Tools,Maven,121,EXISTING TECHNICAL,EXISTING,Can you explain the purpose of pom.xml in our Maven project?
1231,Theory,Engineering Tools,Maven,120,Part B,NEW ✨ (pending),What's the role of pom.xml in Maven-based projects?
1232,Theory,Engineering Tools,Maven,120,Part B,NEW ✨ (pending),What is pom.xml and why do we use it?
1233,Theory,Engineering Tools,Maven,120,Part B,NEW ✨ (pending),What's the purpose of mvn clean?
1234,Theory,Engineering Tools,Maven,120,Part B,NEW ✨ (pending),Why do we use Maven in our project?
1235,Theory,Engineering Tools,Maven,120,Part B,NEW ✨ (pending),What will happen if we don't use Maven?
1236,Theory,Engineering Tools,Maven,117,EXISTING TECHNICAL,EXISTING,How do you manage dependencies in a Maven project?
1237,Theory,Engineering Tools,Maven,120,Part B,NEW ✨ (pending),Why do we run mvn clean before mvn install?
1239,Theory,Engineering Tools,Maven,120,Part B,NEW ✨ (pending),Why does everyone choose Maven?
1240,Theory,Engineering Tools,Maven,1,EXISTING TECHNICAL,EXISTING,What is the difference between Maven Local Repository and Central Repository?
1241,Theory,Engineering Tools,Maven,1,EXISTING TECHNICAL,EXISTING,Do you know about the .m2 folder?
1242,Theory,Engineering Tools,Maven,103,EXISTING TECHNICAL,EXISTING,Do you know about Parallel Builds in Maven?
1243,Theory,Engineering Tools,Maven,120,Part C,NEW ✨ (pending),Do you know about Maven Dependency Management?
1244,Theory,Engineering Tools,Maven,118,EXISTING TECHNICAL,EXISTING,"What is the difference between compile, provided, and runtime scopes in Maven?"
1246,Theory,Engineering Tools,Maven,117,EXISTING TECHNICAL,EXISTING,What's the difference between dependencyManagement and dependencies in pom.xml?
1247,Theory,Engineering Tools,Maven,103,EXISTING TECHNICAL,EXISTING,You want to run Maven Install but skip all Test Cases. How would you do that?
1248,Theory,Engineering Tools,Maven,122,EXISTING TECHNICAL,EXISTING,What is the difference between Spring Boot Starter Dependencies and normal Dependencies?
1249,Theory,Engineering Tools,Maven / Debugging,103,EXISTING TECHNICAL,EXISTING,How would you debug a Maven Build Failure?
1250,Theory,Engineering Tools,Maven / Dependencies,1,EXISTING TECHNICAL,EXISTING,What are Dependencies and why do we need them?
1251,Theory,Engineering Tools,Maven / Dependencies,120,Part C,NEW ✨ (pending),Do we store Dependencies locally or just fetch them from the Internet?
1252,Theory,Engineering Tools,Maven / Dependency Conflict,117,EXISTING TECHNICAL,EXISTING,What happens if a starter dependency includes conflicting versions of libraries with other dependencies in the project?
1253,Theory,Engineering Tools,Maven / Dependency Conflict,117,EXISTING TECHNICAL,EXISTING,How will you overcome this dependency version conflict?
1254,Theory,Engineering Tools,Maven / Dependency Conflict,103,EXISTING TECHNICAL,EXISTING,Your build is failing because of Dependency Version Conflicts. How would you resolve the conflicts in Maven?
1255,Theory,Engineering Tools,Maven / Dependency Management,117,EXISTING TECHNICAL,EXISTING,"You updated a Dependency in pom.xml, but the application is still using the old version. How would you fix it?"
1256,Theory,Engineering Tools,Maven / Dependency Management,116,EXISTING TECHNICAL,EXISTING,How do you manage Dependencies in a Large Project using a BOM?
1257,Theory,Engineering Tools,Maven / Dependency Resolution,117,EXISTING TECHNICAL,EXISTING,"You added a JAR Dependency to pom.xml, but Maven is not downloading it. How would you troubleshoot it?"
1258,Theory,Engineering Tools,Maven / Gradle,116,EXISTING TECHNICAL,EXISTING,What is the difference between Gradle and Maven?
1259,Theory,Engineering Tools,Maven / Gradle,116,EXISTING TECHNICAL,EXISTING,"Which has more advantages, Gradle or Maven, and in what aspects?"
1260,Theory,Engineering Tools,Maven / Dependencies,120,Part C,NEW ✨ (pending),How do Dependencies connect with our project internally or behind the scenes?
1261,Job Experience,Engineering Tools,Gradle,116,EXPERIENCE ANCHOR,EXISTING ANCHOR,Have you worked with Gradle?
1262,Job Experience,Engineering Tools,Maven,117,EXPERIENCE ANCHOR,EXISTING ANCHOR,Have you faced any dependency conflicts in your Maven project?
1263,Job Experience,Engineering Tools,Maven,118,EXPERIENCE ANCHOR,EXISTING ANCHOR,Are you using Maven or Gradle?
1266,Job Experience,Engineering Tools,Maven,119,EXPERIENCE ANCHOR,EXISTING ANCHOR,Have you created a JAR file before?
1270,Job Experience,Engineering Tools,Maven,120,EXPERIENCE ANCHOR,EXISTING ANCHOR,Can you explain a complex build process you have configured using Maven?
1271,Job Experience,Engineering Tools,Maven,121,EXPERIENCE ANCHOR,EXISTING ANCHOR,Have you worked with a Multi-Module Maven project?
1272,Job Experience,Engineering Tools,Maven / Dependency Conflict,122,EXPERIENCE ANCHOR,EXISTING ANCHOR,Have you faced any Dependency Version-related issues in your Spring Boot project?
1273,Theory,Engineering Tools,Git,128,EXISTING TECHNICAL,EXISTING,What is Git cherry-pick?
1274,Theory,Engineering Tools,Git,128,EXISTING TECHNICAL,EXISTING,What is the Git rebase process?
1276,Theory,Engineering Tools,Git,123,EXISTING TECHNICAL,EXISTING,What are the best practices to avoid Git Conflicts?
1277,Theory,Engineering Tools,Git / Squash,126,EXISTING TECHNICAL,EXISTING,"What is Git Squash, and how is it used when you want several Feature Branch commits to appear as one commit?"
1278,Theory,Engineering Tools,Git,127,EXISTING TECHNICAL,EXISTING,Do you know about Git commands?
1279,Theory,Engineering Tools,Git,123,EXISTING TECHNICAL,EXISTING,What's the difference between Git rebase and Git merge?
1280,Theory,Engineering Tools,Git,123,EXISTING TECHNICAL,EXISTING,Tell me five common Git commands.
1281,Theory,Engineering Tools,Git,127,EXISTING TECHNICAL,EXISTING,What does rebase mean?
1282,Theory,Engineering Tools,Git,124,EXISTING TECHNICAL,EXISTING,Tell me two or three Git commands that we use in day-to-day tasks and two or three Git commands that we don't use regularly but are important.
1283,Theory,Engineering Tools,Git,125,EXISTING TECHNICAL,EXISTING,Can you explain the rebase process and its advantages over Git merge?
1284,Theory,Engineering Tools,Git,123,EXISTING TECHNICAL,EXISTING,"What's the difference between git clone, git pull, and git fetch?"
1287,Theory,Engineering Tools,Git,128,EXISTING TECHNICAL,EXISTING,Where can we use Git Rebase?
1291,Theory,Engineering Tools,Git,128,EXISTING TECHNICAL,EXISTING,Tell me the three most frequently used Git commands.
1294,Theory,Engineering Tools,Git,124,EXISTING TECHNICAL,EXISTING,What's the difference between git revert and git reset?
1295,Theory,Engineering Tools,Git,124,EXISTING TECHNICAL,EXISTING,Why is Rebase sometimes dangerous on shared Branches?
1296,Theory,Engineering Tools,Git,129,EXISTING TECHNICAL,EXISTING,What is the difference between git pull and git fetch?
1297,Theory,Engineering Tools,Git,123,EXISTING TECHNICAL,EXISTING,What does git stash do?
1298,Theory,Engineering Tools,Git,123,EXISTING TECHNICAL,EXISTING,What is the difference between Git and GitHub?
1299,Theory,Engineering Tools,Git,127,EXISTING TECHNICAL,EXISTING,You accidentally pushed changes to the Main Branch. How would you revert those changes?
1301,Theory,Engineering Tools,Git / Cherry-Pick,126,EXISTING TECHNICAL,EXISTING,"Your Feature Branch has 100 commits, but you want to merge only 10 selected random commits into the Dev Branch. What would you do?"
1303,Theory,Engineering Tools,Git / Cherry-Pick,126,EXISTING TECHNICAL,EXISTING,"Your Feature Branch has 30 commits, but only five non-sequential commits should be merged into Master. How would you merge only those five commits?"
1304,Production,Engineering Tools,Git / Production Issue,126,EXISTING TECHNICAL,EXISTING,How would you revert changes in Git if you accidentally pushed a bug to the main branch?
1306,Theory,Engineering Tools,Git / Security,123,EXISTING TECHNICAL,EXISTING,What tool would you use for Secret Scanning or Pre-Commit Secret Detection?
1307,Theory,Engineering Tools,IDE / Git,125,EXISTING TECHNICAL,EXISTING,Are there built-in tools in Eclipse and IntelliJ to resolve merge conflicts?
1308,Theory,Engineering Tools,IDE / Git,125,EXISTING TECHNICAL,EXISTING,Is there any way to revert Git changes from IntelliJ?
1309,Coding,Engineering Tools,Git / Security,124,EXISTING TECHNICAL,EXISTING,"Suppose you committed sensitive credentials to Git by mistake. What would you do immediately, and what would you implement to prevent it in the future?"
1310,Job Experience,Engineering Tools,Git,123,EXPERIENCE ANCHOR,EXISTING ANCHOR,Which Git collaboration tool are you guys using?
1314,Job Experience,Engineering Tools,Git,124,EXPERIENCE ANCHOR,EXISTING ANCHOR,"Which version control do you use, GitHub or GitLab?"
1316,Job Experience,Engineering Tools,Git,125,EXPERIENCE ANCHOR,EXISTING ANCHOR,How do you manage merge conflicts?
1317,Job Experience,Engineering Tools,Git,126,EXPERIENCE ANCHOR,EXISTING ANCHOR,While committing code you may encounter conflicts. How do you manage merge conflicts?
1318,Job Experience,Engineering Tools,Git,127,EXPERIENCE ANCHOR,EXISTING ANCHOR,How are you guys utilizing Git in your project?
1319,Job Experience,Engineering Tools,Git,128,EXPERIENCE ANCHOR,EXISTING ANCHOR,What's the branching strategy in your project?
1320,Job Experience,Engineering Tools,Git,129,EXPERIENCE ANCHOR,EXISTING ANCHOR,Do you work with Git commands?
1321,Job Experience,Engineering Tools,Git,130,EXPERIENCE ANCHOR,EXISTING ANCHOR,Have you faced Git conflicts?
1322,Job Experience,Engineering Tools,Git,131,EXPERIENCE ANCHOR,EXISTING ANCHOR,What's your approach to resolving Git conflicts? Do you use a tool or resolve them manually?
1324,Job Experience,Engineering Tools,Git,132,EXPERIENCE ANCHOR,EXISTING ANCHOR,Can you share your strategy for managing Branches in Git? What do you guys do in your project?
1326,Job Experience,Engineering Tools,Git / Merge Conflicts,133,EXPERIENCE ANCHOR,EXISTING ANCHOR,How do you resolve conflicts?
1330,Job Experience,Engineering Tools,Git Tools,134,EXPERIENCE ANCHOR,EXISTING ANCHOR,Have you used TortoiseGit?
1331,Job Experience,Engineering Tools,Git Tools,135,EXPERIENCE ANCHOR,EXISTING ANCHOR,"Are you using GitHub, GitLab, or another Git platform?"
1332,Theory,Engineering Tools,SonarQube / Code Coverage,104,EXISTING TECHNICAL,EXISTING,What is a good percentage for Sonar coverage?
1333,Theory,Engineering Tools,SonarQube / Code Coverage,104,EXISTING TECHNICAL,EXISTING,Do you know about Sonar coverage?
1334,Theory,Engineering Tools,SonarQube / Code Coverage,104,EXISTING TECHNICAL,EXISTING,Why is Sonar coverage required?
1335,Theory,Engineering Tools,SonarQube / Code Coverage,104,EXISTING TECHNICAL,EXISTING,What's the role of Sonar coverage and SonarQube in our application?
1336,Job Experience,Engineering Tools,Code Quality,136,EXPERIENCE ANCHOR,EXISTING ANCHOR,What are the best coding principles and practices you have applied in your project?
1337,Job Experience,Engineering Tools,Code Quality,137,EXPERIENCE ANCHOR,EXISTING ANCHOR,How do you measure code quality?
1338,Job Experience,Engineering Tools,Code Quality,138,EXPERIENCE ANCHOR,EXISTING ANCHOR,Tell me four or five coding best practices that you follow in your day-to-day Java Spring Boot project.
1340,Job Experience,Engineering Tools,Code Quality,139,EXPERIENCE ANCHOR,EXISTING ANCHOR,You join a project whose existing code is poorly optimized and not professional. What approach would you take to improve it without breaking behavior?
1342,Job Experience,Engineering Tools,Code Quality / Maintainability,140,EXPERIENCE ANCHOR,EXISTING ANCHOR,How do you ensure the quality and maintainability of your code in your project?
1343,Job Experience,Engineering Tools,Code Quality / Testing,141,EXPERIENCE ANCHOR,EXISTING ANCHOR,How do you ensure your code changes do not break existing functionality?
1344,Job Experience,Engineering Tools,SonarQube / Code Quality,142,EXPERIENCE ANCHOR,EXISTING ANCHOR,"How did you use Sonar for maintaining code quality, and can you give an example of a code quality issue that helped you resolve something?"
1345,Theory,Engineering Tools,Spring Boot / Logging,143,EXISTING TECHNICAL,EXISTING,What is the default Logging mechanism in Spring Boot?
1346,Theory,Engineering Tools,Logging,143,EXISTING TECHNICAL,EXISTING,What logging mechanism would you suggest?
1347,Theory,Engineering Tools,Logging,148,EXISTING TECHNICAL,EXISTING,Is there a default logging mechanism in Spring Boot?
1348,Theory,Engineering Tools,Logging,143,EXISTING TECHNICAL,EXISTING,"Which one would you suggest, Logback or Log4j2?"
1349,Theory,Engineering Tools,Logging,143,EXISTING TECHNICAL,EXISTING,Can you tell me about logging frameworks in Spring Boot?
1350,Theory,Engineering Tools,Logging,143,EXISTING TECHNICAL,EXISTING,Do you know the different logging levels?
1351,Theory,Engineering Tools,Spring Boot Logging,143,EXISTING TECHNICAL,EXISTING,How do you enable debug logging in a Spring Boot application?
1352,Coding,Engineering Tools,Spring Boot / Logging,143,EXISTING TECHNICAL,EXISTING,How would you implement a global Logging System in a Spring Boot application?
1353,Job Experience,Engineering Tools,Logging,143,EXPERIENCE ANCHOR,EXISTING ANCHOR,Which logging tools are you using?
1354,Job Experience,Engineering Tools,Logging,144,EXPERIENCE ANCHOR,EXISTING ANCHOR,How did you integrate that logging tool?
1355,Job Experience,Engineering Tools,Logging,145,EXPERIENCE ANCHOR,EXISTING ANCHOR,How are you guys using logging in your project?
1356,Job Experience,Engineering Tools,Logging,146,EXPERIENCE ANCHOR,EXISTING ANCHOR,How have you implemented the logging mechanism in your project? Which logging framework are you using?
1357,Production,Engineering Tools,Logging,145,EXISTING TECHNICAL,EXISTING,"Are you showing DEBUG logs in Production, or only in the Development environment?"
1358,Production,Engineering Tools,Logging,145,EXISTING TECHNICAL,EXISTING,What about WARN logs? Do you keep warning logs in Production?
1359,Job Experience,Engineering Tools,Logging / Debugging,147,EXPERIENCE ANCHOR,EXISTING ANCHOR,How do you debug a defect by looking through logs?
1360,Job Experience,Engineering Tools,Logging Tools,148,EXPERIENCE ANCHOR,EXISTING ANCHOR,Which log analysis tool do you prefer?
1361,Job Experience,Engineering Tools,Logging Tools,149,EXPERIENCE ANCHOR,EXISTING ANCHOR,Have you used any other tool other than Kibana?
1362,Job Experience; Coding,Engineering Tools,Logging Tools,150,EXPERIENCE ANCHOR,EXISTING ANCHOR,"If the client asks you to implement log analysis and you can choose Kibana, Splunk, or any other tool, which would you prefer?"
1363,Job Experience,Engineering Tools,Logging Tools,151,EXPERIENCE ANCHOR,EXISTING ANCHOR,Which logging visualization tool would you prefer?
1365,Job Experience,Engineering Tools,Logging Tools,152,EXPERIENCE ANCHOR,EXISTING ANCHOR,How are you guys visualizing logs?
1367,Theory,Database,Database,153,EXISTING TECHNICAL,EXISTING,Which would you prefer in the future if someone asks you to work on databases?
1368,Theory,Database,Database / Caching,163,EXISTING TECHNICAL,EXISTING,"If REST API response time increases after Database growth, would you prefer Caching or Database Indexing, and why?"
1369,Theory,Database,Database / Connection Pooling,154,EXISTING TECHNICAL,EXISTING,Do you know about Connection Pooling?
1370,Theory,Database,Database / Connection Pooling,154,EXISTING TECHNICAL,EXISTING,What parameters can we tweak in Connection Pooling to optimize performance?
1371,Theory,Database,Database / Soft Delete,162,Part B,NEW ✨ (pending),What's the difference between soft delete and hard delete?
1372,Theory,Database,Database / SQL vs NoSQL,155,EXISTING TECHNICAL,EXISTING,Why not NoSQL?
1373,Theory,Database,Database / SQL vs NoSQL,153,EXISTING TECHNICAL,EXISTING,"Which is more preferred with Spring Boot, SQL or NoSQL?"
1374,Theory,Database,Database / System Design,153,Part B,NEW ✨ (pending),How would you design the database schema for an application similar to MakeMyTrip? What major tables would you use?
1375,Theory,Database,Database / System Design,153,Part B,NEW ✨ (pending),What would you include for the rental agreement in the car rental database design?
1376,Theory,Database,Database / UUID,163,EXISTING TECHNICAL,EXISTING,What's the difference between UUIDs and sequential IDs?
1377,Theory,Database,Database / UUID,163,EXISTING TECHNICAL,EXISTING,Can you tell me how UUIDs impact database performance?
1378,Theory,Database,Database Design,153,Part B,NEW ✨ (pending),How would you store ratings for a delivery partner?
1379,Theory,Database,Database Migration,159,EXISTING TECHNICAL,EXISTING,Suppose you need to migrate an existing application to use a new database schema in Spring Boot without downtime. How would you plan and execute this migration?
1381,Theory,Database,Database Migration,159,EXISTING TECHNICAL,EXISTING,Do you know about database migration? How does Spring Boot handle database migration?
1382,Theory,Database,Database Migration,159,Part B,NEW ✨ (pending),How would you migrate an existing Spring Boot application to a new Database Schema without downtime?
1383,Theory,Database,Design Patterns / Database,154,EXISTING TECHNICAL,EXISTING,Developers keep creating new Database Connections directly. How would you enforce a Connection Limit and centralize Connection creation using Design Patterns and Connection Pooling?
1384,Theory,Database,MySQL / Stored Procedures,162,EXISTING TECHNICAL,EXISTING,How do you create a Stored Procedure in MySQL?
1386,Theory,Database,Singleton / Database,162,Part B,NEW ✨ (pending),Is there any relationship between Singleton design pattern and database connection?
1387,Coding,Database,Database / Soft Delete,162,Part B,NEW ✨ (pending),How would you implement soft deletes?
1388,Coding,Database,SQL,160,EXISTING TECHNICAL,EXISTING,How would you write SQL queries to create a new Database and a new Table?
1389,Coding,Database,SQL,162,Part B,NEW ✨ (pending),Write an SQL Query to find the Second Highest Salary from an Employee Table.
1391,Coding,Database,SQL,162,Part B,NEW ✨ (pending),How would you write an SQL Query to find the Third Highest Salary?
1392,Coding,Database,SQL,162,Part B,NEW ✨ (pending),How would you delete Duplicate Records from a MySQL Table?
1394,Job Experience,Database,Database,153,EXPERIENCE ANCHOR,EXISTING ANCHOR,Which database have you used?
1396,Job Experience,Database,Database,154,EXPERIENCE ANCHOR,EXISTING ANCHOR,"Which database are you using, and how did you connect that database in your project?"
1398,Job Experience,Database,Database,155,EXPERIENCE ANCHOR,EXISTING ANCHOR,Do you have experience with both NoSQL and SQL databases?
1402,Job Experience,Database,Database,156,EXPERIENCE ANCHOR,EXISTING ANCHOR,Can you tell me a scenario where using multiple databases in a Spring Boot application is necessary?
1403,Job Experience,Database,Database / File Storage,157,EXPERIENCE ANCHOR,EXISTING ANCHOR,How is an image being stored using MySQL in your project?
1404,Job Experience; Production,Database,Database Connectivity,158,EXPERIENCE ANCHOR,EXISTING ANCHOR,Your application works locally but fails to connect to the database in production. What steps would you take to analyze the issue and fix it?
1405,Job Experience,Database,Database Migration,159,EXPERIENCE ANCHOR,EXISTING ANCHOR,Have you worked with database migration tools like Flyway or Liquibase?
1406,Job Experience,Database,Database Migration,160,EXPERIENCE ANCHOR,EXISTING ANCHOR,How have you done database migration?
1407,Job Experience,Database,Database Migration,161,EXPERIENCE ANCHOR,EXISTING ANCHOR,Migration from which database to which database?
1408,Job Experience,Database,Database Queries,162,EXPERIENCE ANCHOR,EXISTING ANCHOR,Have you written any query recently? Can you tell me that query?
1409,Job Experience,Database,NoSQL,163,EXPERIENCE ANCHOR,EXISTING ANCHOR,Have you worked with NoSQL?
1411,Job Experience,Database,NoSQL Database,164,EXPERIENCE ANCHOR,EXISTING ANCHOR,Have you integrated your application with any NoSQL database?
1412,Theory,Database,Database / System Design,153,Part B,NEW ✨ (pending),How would you design a database schema for a car rental service?
1413,Theory,Database,Database / Indexing,165,EXISTING TECHNICAL,EXISTING,Have you heard about balanced index?
1415,Theory,Database,Database Locking,384,EXISTING TECHNICAL,EXISTING,What is Optimistic Locking and Pessimistic Locking?
1416,Theory,Database,Concurrency / Database Locking,166,Part B,NEW ✨ (pending),Two Users try to buy the last available Inventory Item at the same time. How would you prevent Overselling?
1417,Theory,Database,Database / Indexing,165,EXISTING TECHNICAL,EXISTING,What mitigation strategies could you apply to solve index fragmentation when using UUIDs?
1418,Theory,Database,Database / Indexing,165,EXISTING TECHNICAL,EXISTING,"If we have a frequently updated table, which type of index should we use and why?"
1419,Theory,Database,Database / Query Optimization,165,EXISTING TECHNICAL,EXISTING,Do you know about Query Optimization?
1420,Theory,Database,Database Concurrency / Locking,384,EXISTING TECHNICAL,EXISTING,You have a Spring Boot application where two users can update the same record simultaneously. How would you prevent race conditions?
1421,Theory,Database,Database Locking,166,Part B,NEW ✨ (pending),Do you know the difference between optimistic and pessimistic locking?
1422,Theory,Database,Optimistic Locking,166,Part C,NEW ✨ (pending),Can you provide a real-world scenario where optimistic locking might fail?
1423,Job Experience,Database,Database / Indexing,165,EXPERIENCE ANCHOR,EXISTING ANCHOR,Are you comfortable with indexes in SQL?
1424,Job Experience,Database,Database / Query Optimization,166,EXPERIENCE ANCHOR,EXISTING ANCHOR,Have you optimized any database query before?
1425,Job Experience,Database,Database Indexing,167,EXPERIENCE ANCHOR,EXISTING ANCHOR,Have you done indexing in databases?
1426,Job Experience,Database,Database Query Optimization,168,EXPERIENCE ANCHOR,EXISTING ANCHOR,How do you optimize queries while fetching data or saving data?
1427,Theory,Database,Database / Batch Processing,162,Part B,NEW ✨ (pending),"A Scheduled Batch updates one million Records daily, but the Transaction takes too long and locks the Database. How would you optimize it?"
1428,Theory,Database,Database / Query Optimization,162,EXISTING TECHNICAL,EXISTING,You have a table with 10 million rows and a query is timing out. What is your approach to fix it?
1429,Theory,Database,Spring Data / JDBC,153,EXISTING TECHNICAL,EXISTING,Do you know the difference between JdbcTemplate and JpaRepository?
1430,Theory,Spring Core,Spring Dependency Injection,175,EXISTING TECHNICAL,EXISTING,Have you heard about circular dependencies?
1431,Theory,Spring Core,Spring Dependency Injection,169,EXISTING TECHNICAL,EXISTING,What are the different types of dependency injection we have in Spring Framework?
1433,Theory,Spring Core,Spring Dependency Injection,169,Part B,NEW ✨ (pending),What issues might arise from overusing @Autowired?
1434,Theory,Spring Core,Spring Dependency Injection,169,EXISTING TECHNICAL,EXISTING,What is Autowiring?
1435,Theory,Spring Core,Spring Framework,171,EXISTING TECHNICAL,EXISTING,What are the modules of Spring Framework?
1437,Theory,Spring Core,Spring IoC,169,EXISTING TECHNICAL,EXISTING,What is Spring IoC Container?
1439,Theory,Spring Core,Dependency Injection,169,EXISTING TECHNICAL,EXISTING,Do you know about deep constructor injection?
1440,Theory,Spring Core,Spring Core,169,EXISTING TECHNICAL,EXISTING,Can you tell me the difference between ApplicationContext and BeanFactory?
1441,Theory,Spring Core,Spring Core,173,Part G,NEW ✨ (pending),Tell me a scenario where we should use BeanFactory and where we should use ApplicationContext.
1442,Theory,Spring Core,Spring Dependency Injection,169,EXISTING TECHNICAL,EXISTING,Do you know the concept of dependency injection in Spring and how it is implemented?
1443,Theory,Spring Core,Spring Dependency Injection,176,EXISTING TECHNICAL,EXISTING,Can you tell me a situation where constructor injection is preferred over setter injection?
1445,Theory,Spring Core,Spring Dependency Injection,169,Part B,NEW ✨ (pending),Can you explain the concept of dependency injection in Spring and why it's beneficial?
1446,Theory,Spring Core,Spring Dependency Injection,169,Part B,NEW ✨ (pending),How would you address the issue of circular dependencies?
1447,Theory,Spring Core,Spring Dependency Injection,169,Part B,NEW ✨ (pending),"Which one is better, constructor injection or setter injection? Why?"
1448,Theory,Spring Core,Spring Dependency Injection,169,Part B,NEW ✨ (pending),Please explain the Dependency Injection principle in Spring.
1450,Theory,Spring Core,Spring Dependency Injection,169,Part B,NEW ✨ (pending),How does Spring Boot simplify dependency injection?
1452,Theory,Spring Core,Spring Dependency Injection,169,Part B,NEW ✨ (pending),Can you explain the purpose of @Qualifier and @Primary annotations?
1453,Theory,Spring Core,Spring Dependency Injection,169,Part C,NEW ✨ (pending),What's the difference between autowiring using @Autowired and autowiring using XML configuration?
1454,Theory,Spring Core,Spring Dependency Injection,170,EXISTING TECHNICAL,EXISTING,What's the difference between Constructor Injection and Setter Injection?
1458,Theory,Spring Core,Spring Dependency Injection,169,Part C,NEW ✨ (pending),Why is Constructor Injection considered the recommended approach?
1459,Theory,Spring Core,Spring Dependency Injection,169,Part C,NEW ✨ (pending),How does Spring resolve dependencies when multiple Beans of the same type exist?
1461,Theory,Spring Core,Spring Dependency Injection,170,EXISTING TECHNICAL,EXISTING,Why does Spring Boot prefer Constructor Injection over Field Injection?
1463,Theory,Spring Core,Spring Dependency Injection,98,EXISTING TECHNICAL,EXISTING,"Other than avoiding NullPointerException, are there other benefits of Constructor Injection? Is it better for testing?"
1465,Theory,Spring Core,Spring Dependency Injection,169,Part C,NEW ✨ (pending),"In a large enterprise application with many dependent components, how does Dependency Injection simplify development and maintenance?"
1466,Theory,Spring Core,Spring Dependency Injection,169,Part C,NEW ✨ (pending),"In an application managing user profiles and sessions, how would Constructor Injection differ from Setter Injection, and which would be more suitable?"
1467,Theory,Spring Core,Spring Dependency Injection,169,Part C,NEW ✨ (pending),Will Autowiring still work after disabling Auto-Configuration?
1468,Theory,Spring Core,Spring Dependency Injection,170,EXISTING TECHNICAL,EXISTING,Why is Field Injection considered a bad practice?
1469,Theory,Spring Core,Spring Dependency Injection,170,EXISTING TECHNICAL,EXISTING,"Among Field Injection and Setter Injection, why is Field Injection discouraged?"
1470,Theory,Spring Core,Spring Dependency Injection,170,EXISTING TECHNICAL,EXISTING,Why can't we use @Autowired on local variables or static fields?
1471,Theory,Spring Core,Spring Dependency Injection,170,EXISTING TECHNICAL,EXISTING,Why does Constructor Injection expose Circular Dependencies while Field Injection may not?
1472,Theory,Spring Core,Spring Dependency Injection,169,Part C,NEW ✨ (pending),You have a large Spring project with many interdependent Beans. How would you manage the dependencies to maintain clean code and reduce coupling?
1473,Theory,Spring Core,Spring Dependency Injection / Debugging,169,Part D,NEW ✨ (pending),"Under heavy traffic, a Controller occasionally throws NullPointerException from a field that is supposed to be Autowired. What could be the possible causes?"
1474,Theory,Spring Core,Spring Dependency Injection / Debugging,169,Part D,NEW ✨ (pending),Why can @Autowired fail even when the Bean exists?
1475,Theory,Spring Core,Spring Framework / Server,173,Part G,NEW ✨ (pending),How did you create or configure the server in a traditional Spring application?
1476,Theory,Spring Core,Spring IoC,169,Part D,NEW ✨ (pending),Can you describe a scenario where inversion of control might introduce complexities in the application?
1478,Theory,Spring Core,Spring IoC,341,EXISTING TECHNICAL,EXISTING,In what scenario would BeanFactory be preferred over ApplicationContext?
1479,Theory,Spring Core,Spring IoC,169,Part D,NEW ✨ (pending),"What is IoC, Inversion of Control, and how does it differ from traditional object creation?"
1481,Theory,Spring Core,Spring IoC,100,EXISTING TECHNICAL,EXISTING,"How does IoC, Inversion of Control, improve the modularity and testability of an application?"
1482,Theory,Spring Core,Spring IoC,169,Part D,NEW ✨ (pending),"Other than Dependency Injection, what's the special thing about IoC?"
1483,Theory,Spring Core,Spring IoC,169,Part D,NEW ✨ (pending),"In what scenarios would you use BeanFactory, and when would you use ApplicationContext?"
1485,Theory,Spring Core,Spring IoC / Beans,169,Part E,NEW ✨ (pending),How does the IoC Container know which Beans to create and manage?
1486,Theory,Spring Core,Spring Dependency Injection,169,Part D,NEW ✨ (pending),"Can you tell me the internal working of @Autowired annotation, like how it is working internally?"
1487,Coding,Spring Core,Spring Dependency Injection / Core Java,173,EXISTING TECHNICAL,EXISTING,How would you implement Dependency Injection without using a Framework like Spring?
1488,Job Experience,Spring Core,Spring Dependency Injection,169,EXPERIENCE ANCHOR,EXISTING ANCHOR,What type of Dependency Injection are you guys using in your project?
1489,Job Experience,Spring Core,Spring Dependency Injection,170,EXPERIENCE ANCHOR,EXISTING ANCHOR,Did you get a chance to use Setter Injection or Field Injection?
1490,Job Experience,Spring Core,Spring Framework,171,EXPERIENCE ANCHOR,EXISTING ANCHOR,Have you worked with a legacy Spring application?
1491,Job Experience,Spring Core,Spring Framework,172,EXPERIENCE ANCHOR,EXISTING ANCHOR,Have you created any application using traditional Spring?
1492,Job Experience,Spring Core,Spring Framework,173,EXPERIENCE ANCHOR,EXISTING ANCHOR,Do you have experience with the pure Spring Framework?
1493,Theory,Spring Core,Spring Annotations,174,EXISTING TECHNICAL,EXISTING,What's the difference between @Repository and @Service annotations?
1495,Theory,Spring Core,Spring Annotations,174,Part C,NEW ✨ (pending),Could using the wrong annotation between @Service and @Repository affect the performance or functionality of the application?
1496,Theory,Spring Core,Spring Annotations,174,EXISTING TECHNICAL,EXISTING,Can you tell me the difference between @Component and @Service annotation?
1499,Theory,Spring Core,Spring Annotations,174,Part C,NEW ✨ (pending),Can we use @Component annotation on Service classes?
1501,Theory,Spring Core,Spring Annotations,172,EXISTING TECHNICAL,EXISTING,What does the @Configuration annotation do?
1503,Theory,Spring Core,Spring Annotations,174,EXISTING TECHNICAL,EXISTING,"What's the difference between @Configuration, @ComponentScan, and @Bean annotations?"
1504,Theory,Spring Core,Spring Component Scan,169,EXISTING TECHNICAL,EXISTING,Can you explain component scanning?
1505,Theory,Spring Core,Spring Component Scan,173,Part G,NEW ✨ (pending),"If an application fails to start with an exception related to component scanning, what adjustments might you make to the @SpringBootApplication annotation's attributes?"
1506,Theory,Spring Core,Spring Component Scan,173,Part G,NEW ✨ (pending),"Can you explain Component Scanning, and what happens if a @Component class is outside the Base Package?"
1507,Theory,Spring Core,Spring Component Scan,173,Part G,NEW ✨ (pending),How would you prevent a specific package from being scanned for Spring Components?
1508,Theory,Spring Core,Spring Components,173,Part G,NEW ✨ (pending),What happens if you put @Component on an Interface instead of a Class?
1509,Job Experience,Spring Core,Spring Annotations,174,EXPERIENCE ANCHOR,EXISTING ANCHOR,What type of annotations have you used till now in your project?
1510,Theory,Spring Core,Circular Dependency,175,EXISTING TECHNICAL,EXISTING,Have you heard about circular dependencies?
1512,Theory,Spring Core,Spring Bean Lifecycle,173,Part B,NEW ✨ (pending),Have you heard about @PostConstruct and @PreDestroy?
1513,Theory,Spring Core,Spring Beans,173,Part D,NEW ✨ (pending),Have you heard about @DependsOn annotation?
1514,Theory,Spring Core,Spring Beans,173,Part D,NEW ✨ (pending),What issues could arise from defining multiple Beans of the same type with different scopes in the configuration file?
1515,Theory,Spring Core,Spring Beans,171,EXISTING TECHNICAL,EXISTING,What is a Spring Bean?
1516,Theory,Spring Core,Spring Beans / Circular Dependency,175,EXISTING TECHNICAL,EXISTING,What is BeanCurrentlyInCreationException in Spring?
1517,Theory,Spring Core,Circular Dependency,175,EXISTING TECHNICAL,EXISTING,How would you address the issue of circular dependency?
1520,Theory,Spring Core,Circular Dependency,175,EXISTING TECHNICAL,EXISTING,How does Spring handle circular dependencies and how can you resolve them?
1521,Theory,Spring Core,Circular Dependency,175,EXISTING TECHNICAL,EXISTING,Let's say you are getting a circular dependency exception when using constructor injection. How would you resolve it?
1525,Theory,Spring Core,Spring / ObjectFactory,175,EXISTING TECHNICAL,EXISTING,Do you know about ObjectFactory or ObjectProvider for resolving scoped Beans lazily at runtime?
1526,Theory,Spring Core,Spring Bean Conflict,173,Part B,NEW ✨ (pending),"Before adding @Primary or @Qualifier, what would happen when two beans conflict? What error would occur?"
1527,Theory,Spring Core,Spring Bean Conflict,173,Part B,NEW ✨ (pending),How can we resolve this bean conflict?
1528,Theory,Spring Core,Spring Bean Lifecycle,171,EXISTING TECHNICAL,EXISTING,Can you please explain Spring Bean lifecycle?
1532,Theory,Spring Core,Spring Bean Lifecycle,173,Part B,NEW ✨ (pending),How can you modify the Bean lifecycle using hooks?
1536,Theory,Spring Core,Spring Bean Scope,173,Part B,NEW ✨ (pending),Can you tell me the various scopes of Bean?
1537,Theory,Spring Core,Spring Bean Scope,173,Part B,NEW ✨ (pending),"If a Spring Bean is Prototype Scoped, who manages its lifecycle and what happens to that lifecycle?"
1538,Theory,Spring Core,Spring Bean Scope,89,EXISTING TECHNICAL,EXISTING,Are Spring Singleton Beans Thread-Safe?
1539,Theory,Spring Core,Spring Bean Scope,173,Part B,NEW ✨ (pending),"If a Prototype-scoped Bean is injected into a Singleton-scoped Bean, why can it effectively behave like a Singleton?"
1540,Theory,Spring Core,Spring Bean Scope,173,Part C,NEW ✨ (pending),Is a Spring Singleton really a JVM-Wide Singleton?
1541,Theory,Spring Core,Spring Bean Scope / Async,173,Part C,NEW ✨ (pending),"How does Thread Scope work in Spring, and can it be used in @Async methods?"
1543,Theory,Spring Core,Spring Bean Scope / Multithreading,185,EXISTING TECHNICAL,EXISTING,How does @Scope behave in a Multithreaded REST Controller?
1544,Theory,Spring Core,Spring Bean Scopes,173,Part C,NEW ✨ (pending),Are you aware of Spring Bean scopes?
1545,Theory,Spring Core,Spring Bean Scopes,173,Part C,NEW ✨ (pending),How would changing a Bean from Singleton to Prototype scope affect a web application's behavior?
1546,Theory,Spring Core,Spring Bean Scopes,173,Part C,NEW ✨ (pending),Can a Spring Bean have a custom scope?
1547,Theory,Spring Core,Spring Bean Scopes,185,EXISTING TECHNICAL,EXISTING,Can a Singleton-scoped Bean safely inject a Request-scoped Bean?
1550,Theory,Spring Core,Spring Bean Scopes,173,Part C,NEW ✨ (pending),"Among Spring Bean Scopes, when would you use Prototype Scope?"
1551,Theory,Spring Core,Spring Beans,173,Part D,NEW ✨ (pending),How can we handle multiple beans of the same type?
1553,Theory,Spring Core,Spring Beans,173,Part D,NEW ✨ (pending),"Can you tell me about Spring Beans, like what Spring Beans are and how do they work?"
1554,Theory,Spring Core,Spring Beans,172,EXISTING TECHNICAL,EXISTING,Can you explain the @Bean annotation?
1555,Theory,Spring Core,Spring Beans,173,Part D,NEW ✨ (pending),"If someone new joins your team, how would you explain what a Bean is?"
1556,Theory,Spring Core,Spring Beans,173,Part D,NEW ✨ (pending),What's the difference between @Qualifier and @Primary annotation?
1557,Theory,Spring Core,Spring Beans,173,Part E,NEW ✨ (pending),How would you ensure that a certain Bean is loaded last in the application context?
1558,Theory,Spring Core,Spring Beans,174,EXISTING TECHNICAL,EXISTING,Can you tell me the difference between @Bean and @Component annotation?
1559,Theory,Spring Core,Spring Beans,173,Part E,NEW ✨ (pending),"What happens if two Beans have the same name in Spring context, and how can we mitigate that?"
1560,Theory,Spring Core,Spring Beans,173,Part E,NEW ✨ (pending),There are two Beans and both are marked @Primary. What will happen?
1561,Theory,Spring Core,Spring Beans,173,Part E,NEW ✨ (pending),What is the difference between a Spring @Bean and @Component?
1562,Theory,Spring Core,Spring Beans,173,Part E,NEW ✨ (pending),What happens if Beans with the same name are defined in multiple Configuration files?
1564,Theory,Spring Core,Spring Beans,173,Part E,NEW ✨ (pending),What is the difference between a Spring Bean and a Regular Java Object?
1565,Theory,Spring Core,Spring Beans,173,Part E,NEW ✨ (pending),Why can declaring an @Bean Method inside an @Component Class be risky?
1566,Theory,Spring Core,Spring Beans,173,Part F,NEW ✨ (pending),Can Spring create a Bean for an Abstract Class?
1568,Theory,Spring Core,Spring Beans / Auto-Configuration,191,EXISTING TECHNICAL,EXISTING,"After upgrading the Spring Boot version, your custom bean stopped working because a default bean started overriding it. How would you fix this issue?"
1569,Theory,Spring Core,Spring Beans / Exceptions,173,Part F,NEW ✨ (pending),What causes a NoSuchBeanDefinitionException even though your Bean is present in the codebase?
1570,Theory,Spring Core,Spring Beans / Exceptions,173,Part F,NEW ✨ (pending),Do you know about NoSuchBeanDefinitionException? What is it and why did you get it?
1571,Theory,Spring Core,Spring Beans / Memory Management,173,Part F,NEW ✨ (pending),Can misconfiguration of a Bean declared with @Bean annotation lead to memory leaks?
1572,Theory,Spring Core,Spring Beans / Thread Safety,173,Part F,NEW ✨ (pending),How does Spring make Singleton Beans Thread-Safe?
1574,Theory,Spring Core,Spring Beans / XML Configuration,173,Part F,NEW ✨ (pending),How do you define a Spring Bean in a configuration file?
1575,Theory,Spring Core,Spring Circular Dependency,175,EXISTING TECHNICAL,EXISTING,How does Spring resolve Circular Dependencies at runtime using Proxies?
1578,Coding,Spring Core,Spring Bean Scope,173,Part C,NEW ✨ (pending),How would you implement a Custom Scope for Spring Beans?
1579,Coding,Spring Core,Spring Bean Scopes,173,Part D,NEW ✨ (pending),How can we create or implement a custom Bean scope?
1580,Theory,Spring Core,Spring Beans,173,Part F,NEW ✨ (pending),How does Spring create and manage Beans internally?
1582,Job Experience,Spring Core,Circular Dependency,175,EXPERIENCE ANCHOR,EXISTING ANCHOR,Did you face any circular dependency issue while working on any project?
1583,Job Experience,Spring Core,Circular Dependency,176,EXPERIENCE ANCHOR,EXISTING ANCHOR,How did you resolve that circular dependency?
1584,Job Experience,Spring Core,Circular Dependency,177,EXPERIENCE ANCHOR,EXISTING ANCHOR,"In your career, have you encountered any Circular Dependency?"
1588,Theory,Spring Core,AOP / Security,178,EXISTING TECHNICAL,EXISTING,What are the benefits of using AOP for managing Security Concerns?
1591,Theory,Spring Core,AOP / Security,144,EXISTING TECHNICAL,EXISTING,Your Logging Aspect accidentally logs sensitive data. What would you do?
1592,Theory,Spring Core,Spring AOP,150,EXISTING TECHNICAL,EXISTING,"In the Spring Framework, what is Aspect-Oriented Programming?"
1593,Theory,Spring Core,Spring AOP,144,EXISTING TECHNICAL,EXISTING,Can you provide an example use case for AOP in logging or security?
1594,Theory,Spring Core,Spring AOP,178,EXISTING TECHNICAL,EXISTING,Can you describe a scenario where AOP can solve a complex problem?
1595,Theory,Spring Core,Spring AOP,178,EXISTING TECHNICAL,EXISTING,Is it mandatory to use AOP?
1596,Job Experience,Spring Core,Spring AOP,178,EXPERIENCE ANCHOR,EXISTING ANCHOR,Have you worked with Spring AOP?
1597,Theory,Spring Core,Spring AOP,178,EXISTING TECHNICAL,EXISTING,Are there any drawbacks of using AOP in a large-scale application?
1600,Theory,Spring Core,Spring Transaction Management,179,Part B,NEW ✨ (pending),"What is Transaction Propagation, and what do propagation types such as REQUIRED and REQUIRES_NEW mean?"
1601,Theory,Spring Core,Spring Transaction Management,178,EXISTING TECHNICAL,EXISTING,Can you please explain transaction management in Spring?
1602,Theory,Spring Core,Spring Transaction Management,179,Part B,NEW ✨ (pending),"If you mention the @Transactional annotation at both class and method level simultaneously, what issues might arise?"
1603,Theory,Spring Core,Spring Transaction Management,179,EXISTING TECHNICAL,EXISTING,How do you handle transactions in Spring Data JPA?
1606,Theory,Spring Core,Spring Transaction Management,179,EXISTING TECHNICAL,EXISTING,Let's say you mark a method @Transactional(propagation = REQUIRES_NEW) and call it from another transactional method. What happens to the outer transaction?
1608,Theory,Spring Core,Spring Transaction Management,179,Part C,NEW ✨ (pending),"Can transaction management be externally managed in Spring Boot, or must it be managed within the application?"
1609,Theory,Spring Core,Spring Transaction Management,179,EXISTING TECHNICAL,EXISTING,Tell me a scenario where applying @Transactional on a Service method is important.
1611,Theory,Spring Core,Spring Transaction Management,179,EXISTING TECHNICAL,EXISTING,What is the difference between using @Transactional on a public method and a private method? What happens if you put @Transactional on a private method?
1612,Theory,Spring Core,Spring Transaction Management,179,EXISTING TECHNICAL,EXISTING,"Can you explain @Transactional in detail, including its internal working?"
1613,Theory,Spring Core,Spring Transaction Management,179,EXISTING TECHNICAL,EXISTING,"Inside a @Transactional method, you throw an Exception but the data still gets saved. Why can this happen?"
1614,Theory,Spring Core,Spring Transaction Management,179,EXISTING TECHNICAL,EXISTING,Why does calling a @Transactional method from another method in the same Class fail to apply the Transaction?
1615,Theory,Spring Core,Spring Transaction Management,179,Part C,NEW ✨ (pending),Why does @Transactional not Roll Back by default for a Checked Exception?
1616,Theory,Spring Core,Spring Transaction Management,179,Part C,NEW ✨ (pending),What is the difference between executing a Read Method with @Transactional(readOnly = true) and executing it without a Transaction?
1617,Theory,Spring Core,Spring Transaction Management,179,Part C,NEW ✨ (pending),"A @Transactional method calls a private method in the same class annotated with REQUIRES_NEW, but the new transaction never starts. Why, and how can you make it work?"
1619,Theory,Spring Core,Spring Transaction Management / Batch Processing,179,Part C,NEW ✨ (pending),"If you have a long batch operation, how would you manage transactions to optimize performance and consistency?"
1620,Theory,Spring Core,Spring Transaction Management,384,EXISTING TECHNICAL,EXISTING,What happens if a @Transactional method catches an Exception internally and does not rethrow it?
1621,Job Experience,Spring Core,Spring Transaction Management,179,EXPERIENCE ANCHOR,EXISTING ANCHOR,Have you added @Transactional annotation anywhere?
1626,Production,Spring Core,Spring Transaction Management,384,EXISTING TECHNICAL,EXISTING,How would you debug @Transactional issues in Production?
1628,Theory,Spring Core,Spring Transaction Management,179,Part C,NEW ✨ (pending),How would you design a Transactional method that involves operations across multiple Databases and a Message?
1629,Theory,Spring Core,Spring Async,182,EXISTING TECHNICAL,EXISTING,What is the @Async annotation used for?
1630,Theory,Spring Core,Scheduling,180,EXISTING TECHNICAL,EXISTING,What's the work of Cron jobs?
1631,Theory,Spring Core,Scheduling,180,EXISTING TECHNICAL,EXISTING,Can you give me a use case for Cron jobs? Why do we use them?
1632,Theory,Spring Core,Spring Async,115,EXISTING TECHNICAL,EXISTING,How does Spring Boot manage thread pools in @Async methods?
1633,Theory,Spring Core,Spring Async,182,EXISTING TECHNICAL,EXISTING,Do you know about SimpleAsyncTaskExecutor?
1634,Theory,Spring Core,Spring Async,115,EXISTING TECHNICAL,EXISTING,"In a Spring Boot application, how would you configure an Async Executor with @Async?"
1635,Theory,Spring Core,Spring Async,115,EXISTING TECHNICAL,EXISTING,What happens if you do not configure a custom Task Executor?
1636,Theory,Spring Core,Spring Async / CompletableFuture,182,EXISTING TECHNICAL,EXISTING,When would you use @Async versus CompletableFuture?
1637,Theory,Spring Core,Spring Events,180,Part B,NEW ✨ (pending),Do you know about the @EventListener annotation?
1638,Theory,Spring Core,Spring Scheduling,180,EXISTING TECHNICAL,EXISTING,"You configured a scheduled task, but it is not running. What could be the possible causes?"
1640,Theory,Spring Core,Spring Scheduling,180,EXISTING TECHNICAL,EXISTING,A scheduled job is unexpectedly running twice in your Spring Boot application. What could be the reasons?
1642,Coding,Spring Core,Scheduling / Cron Jobs,180,EXISTING TECHNICAL,EXISTING,How can we implement Cron jobs?
1643,Theory,Spring Core,Spring Async,182,EXISTING TECHNICAL,EXISTING,How does Spring's @Async annotation work under the hood or behind the scenes?
1644,Job Experience,Spring Core,Scheduling,180,EXPERIENCE ANCHOR,EXISTING ANCHOR,Have you written Cron jobs?
1645,Job Experience,Spring Core,Scheduling,181,EXPERIENCE ANCHOR,EXISTING ANCHOR,Have you worked on Cron jobs?
1646,Production,Spring Core,Scheduling / Production Issue,180,EXISTING TECHNICAL,EXISTING,A scheduled task in your application runs twice instead of once. What possible misconfigurations could cause this?
1647,Job Experience,Spring Core,Spring Async,182,EXPERIENCE ANCHOR,EXISTING ANCHOR,Have you worked with the @Async annotation?
1648,Production,Spring Core,Spring Scheduling,180,EXISTING TECHNICAL,EXISTING,A scheduled job in your Spring Boot application is running twice in production even though you deployed only once. What might be happening?
1649,Job Experience,Spring Core,Spring Scheduling,183,EXPERIENCE ANCHOR,EXISTING ANCHOR,Have you heard about or used the @Scheduled annotation?
1651,Theory,Spring Core,Spring Boot Caching,184,EXISTING TECHNICAL,EXISTING,Do we have a default caching mechanism in Spring Boot?
1653,Theory,Spring Core,Spring Boot Caching,184,EXISTING TECHNICAL,EXISTING,"Spring Boot has default caching. Is it a good idea to use default caching, or should we use an external caching tool such as Redis?"
1654,Theory,Spring Core,Spring Boot Caching,184,EXISTING TECHNICAL,EXISTING,Are there any limitations of using default caching?
1657,Theory,Spring Core,Spring Boot Caching / Debugging,184,EXISTING TECHNICAL,EXISTING,A REST endpoint is returning outdated cached data instead of fresh data. How would you debug and fix this?
1658,Theory,Spring Core,Spring Session,185,EXISTING TECHNICAL,EXISTING,How do you handle session management? Do you know about session management?
1659,Theory,Spring Core,Spring Session / Scalability,185,EXISTING TECHNICAL,EXISTING,How would you handle Session Management in a high-traffic Spring Boot application?
1661,Job Experience,Spring Core,Spring Boot Caching,184,EXPERIENCE ANCHOR,EXISTING ANCHOR,How have you implemented caching in a Spring Boot application?
1662,Job Experience,Spring Core,Spring Session,185,EXPERIENCE ANCHOR,EXISTING ANCHOR,Have you used Spring Session?
1663,Theory,Spring Core,Spring Profiles,186,EXISTING TECHNICAL,EXISTING,What is Spring Boot @Profile annotation?
1665,Theory,Spring Core,Spring Profiles,186,EXISTING TECHNICAL,EXISTING,What issues could arise from not properly managing Spring Profiles in a multi-environment setup?
1666,Theory,Spring Core,Spring Configuration,196,Part B,NEW ✨ (pending),Are you aware about the @Configuration annotation?
1667,Theory,Spring Core,Spring Configuration,196,Part B,NEW ✨ (pending),Can we have multiple Spring Configuration files in one project?
1668,Theory,Spring Core,Spring Configuration,196,Part B,NEW ✨ (pending),"In a @Configuration Class, how do you handle one @Bean depending on another @Bean defined in the same Configuration?"
1669,Theory,Spring Core,Spring Profiles,186,EXISTING TECHNICAL,EXISTING,What happens if no active profile is set in Spring Boot?
1670,Theory,Spring Core,Spring Profiles,186,Part B,NEW ✨ (pending),How can you programmatically determine which profiles are currently active in a Spring Boot application?
1671,Theory,Spring Core,Spring Profiles,186,Part B,NEW ✨ (pending),Do you know about Spring Profiles?
1672,Theory,Spring Core,Spring Profiles,186,EXISTING TECHNICAL,EXISTING,What would happen if two profiles are active simultaneously with conflicting configuration?
1673,Theory,Spring Core,Spring Profiles,186,EXISTING TECHNICAL,EXISTING,You want to load different configurations for Dev and Prod. How do you manage multiple profiles in Spring Boot?
1675,Theory,Spring Core,Spring Profiles,186,EXISTING TECHNICAL,EXISTING,What is a Spring Profile and why is it used?
1676,Theory,Spring Core,Spring Profiles,309,EXISTING TECHNICAL,EXISTING,How do you activate a specific Spring Profile?
1677,Theory,Spring Core,Spring Profiles,186,Part B,NEW ✨ (pending),Can activating multiple profiles at once cause conflicts within the application?
1678,Theory,Spring Core,Spring Profiles,186,Part B,NEW ✨ (pending),Can we dynamically switch between different profiles in a running Spring Boot application without restarting the server?
1679,Theory,Spring Core,Spring Profiles,309,EXISTING TECHNICAL,EXISTING,How can Spring Boot Profiles be used to manage application settings across different environments?
1680,Theory,Spring Core,Spring Profiles / Configuration,199,EXISTING TECHNICAL,EXISTING,"Your Spring Boot application needs different DB URLs for Dev, Staging and Prod, but a teammate hard-coded the Prod URL in application.properties and committed it. How would you fix this properly?"
1681,Theory,Spring Core,Spring Validation,187,EXISTING TECHNICAL,EXISTING,Can you tell me the difference between @Valid and @Validated annotation?
1682,Theory,Spring Core,Spring Validation,187,EXISTING TECHNICAL,EXISTING,Where do we use @Valid and where do we use @Validated?
1683,Theory,Spring Core,Spring Validation,188,Part B,NEW ✨ (pending),What is the difference between @Valid and @Validated?
1686,Theory,Spring Core,Spring Validation,187,EXISTING TECHNICAL,EXISTING,"Can we create Custom Validators in Spring Boot, and what role does ConstraintValidator play?"
1687,Theory,Spring Core,Spring Validation,51,EXISTING TECHNICAL,EXISTING,What happens when Validation fails for a Request Body Object?
1689,Job Experience,Spring Core,Spring Profiles,186,EXPERIENCE ANCHOR,EXISTING ANCHOR,Have you worked with Spring Profiles?
1690,Production,Spring Core,Spring Profiles,105,EXISTING TECHNICAL,EXISTING,"Your Spring Boot application shows different behavior under Development, Testing and Production environments. How would you utilize profiles in this situation?"
1691,Production,Spring Core,Spring Profiles / Configuration,161,EXISTING TECHNICAL,EXISTING,Let's say you are moving an application from Development to Production. How would you override the datasource URLs without changing the code?
1692,Job Experience,Spring Core,Validation,187,EXPERIENCE ANCHOR,EXISTING ANCHOR,What was the toughest validation you have done so far?
1693,Job Experience,Spring Core,Validation,188,EXPERIENCE ANCHOR,EXISTING ANCHOR,"What validation annotations have you used most frequently, and have you used any third-party validation libraries?"
1694,Theory,Spring Boot,Spring Boot,1,EXISTING TECHNICAL,EXISTING,What are the advantages of using Spring Boot over a traditional Spring application?
1697,Theory,Spring Boot,Spring Boot,1,EXISTING TECHNICAL,EXISTING,What is the role of @SpringBootApplication annotation in a Spring Boot application?
1698,Theory,Spring Boot,Spring Boot,1,EXISTING TECHNICAL,EXISTING,What are the components that make up @SpringBootApplication annotation?
1699,Theory,Spring Boot,Spring Boot,194,Part B,NEW ✨ (pending),Have you heard about convention over configuration in Spring Boot?
1700,Theory,Spring Boot,Spring Boot,194,Part B,NEW ✨ (pending),What is convention over configuration?
1702,Theory,Spring Boot,Spring Boot,194,Part B,NEW ✨ (pending),What is the use of CommandLineRunner and ApplicationRunner?
1703,Theory,Spring Boot,Spring Boot,194,Part B,NEW ✨ (pending),What are the disadvantages of Spring Boot?
1704,Theory,Spring Boot,Spring Boot 3,191,EXISTING TECHNICAL,EXISTING,Have you heard about Spring Boot 3 updates and changes?
1705,Theory,Spring Boot,Spring Boot Annotations,174,Part B,NEW ✨ (pending),What are some of the main annotations required in a Spring Boot application?
1708,Theory,Spring Boot,Spring Boot Annotations,174,Part B,NEW ✨ (pending),What are some uncommon Spring Boot annotations that are very important but not used frequently?
1709,Theory,Spring Boot,Spring Boot Dependency Management,1,EXISTING TECHNICAL,EXISTING,What is Spring Boot dependency management?
1710,Theory,Spring Boot,Spring Boot Starters,1,EXISTING TECHNICAL,EXISTING,What are Spring Boot Starter dependencies?
1711,Theory,Spring Boot,OOP / Spring Boot,5,EXISTING TECHNICAL,EXISTING,Can you tell me how OOP is helpful in Spring Boot projects?
1712,Theory,Spring Boot,Spring Boot,194,Part B,NEW ✨ (pending),How does Spring Boot simplify web development?
1713,Theory,Spring Boot,Spring Boot,172,EXISTING TECHNICAL,EXISTING,What is the basic difference between Spring Boot and Spring?
1714,Theory,Spring Boot,Spring Boot,194,Part B,NEW ✨ (pending),Tell me the advantages as well as the disadvantages of Spring Boot.
1715,Theory,Spring Boot,Spring Boot,194,Part B,NEW ✨ (pending),What's the purpose of @SpringBootApplication annotation?
1716,Theory,Spring Boot,Spring Boot,194,Part C,NEW ✨ (pending),Give me an example of convention over configuration.
1717,Theory,Spring Boot,Spring Boot,194,Part C,NEW ✨ (pending),In a Spring Boot application there is a run method. Can you explain that run method?
1718,Theory,Spring Boot,Spring Boot,194,Part C,NEW ✨ (pending),"When Spring Framework already existed, why was Spring Boot launched? Why was there a need for Spring Boot?"
1722,Theory,Spring Boot,Spring Boot,173,EXISTING TECHNICAL,EXISTING,How is Spring Boot different from Spring Framework from a developer's perspective?
1723,Theory,Spring Boot,Spring Boot,194,Part C,NEW ✨ (pending),Can you explain the internal working of Spring Boot?
1724,Theory,Spring Boot,Spring Boot,194,Part C,NEW ✨ (pending),Why did we move from Spring Framework to Spring Boot? What was the main reason?
1725,Theory,Spring Boot,Spring Boot,194,Part C,NEW ✨ (pending),Can we create a Non-Web Application using Spring Boot?
1726,Theory,Spring Boot,Spring Boot / Dependencies,193,Part B,NEW ✨ (pending),Your @RestController is not being detected. Which Dependency might be missing?
1727,Theory,Spring Boot,Spring Boot / Internationalization,223,Part B,NEW ✨ (pending),Do you know whether Spring Boot supports internationalization?
1728,Theory,Spring Boot,Spring Boot / Internationalization,223,Part B,NEW ✨ (pending),How does Spring Boot support internationalization?
1730,Theory,Spring Boot,Spring Boot / Java Compatibility,49,EXISTING TECHNICAL,EXISTING,Is Spring Boot 3.x compatible with Java 8?
1731,Theory,Spring Boot,Spring Boot Annotations,174,Part B,NEW ✨ (pending),Can you tell me the top five most common annotations in Spring Boot?
1732,Theory,Spring Boot,Spring Boot Annotations,174,Part B,NEW ✨ (pending),Tell me five uncommon annotations that we don't use frequently but are very important.
1733,Theory,Spring Boot,Spring Boot Annotations,174,Part B,NEW ✨ (pending),Can you name a few uncommon annotations that are used for complex use cases?
1734,Theory,Spring Boot,Spring Boot Annotations,174,Part B,NEW ✨ (pending),"Tell me five important Spring Boot annotations that we use in day-to-day tasks, and another five important annotations that we don't use frequently."
1736,Theory,Spring Boot,Spring Boot Annotations,174,Part B,NEW ✨ (pending),What's the difference between @SpringBootApplication and @EnableAutoConfiguration?
1737,Theory,Spring Boot,Spring Boot Annotations,174,Part C,NEW ✨ (pending),@SpringBootApplication combines three annotations. Can those annotations be used separately?
1738,Theory,Spring Boot,Spring Boot Architecture,171,EXISTING TECHNICAL,EXISTING,"Why do we need separate Controller, Service, Business and Repository Layers in a Spring Boot application?"
1739,Theory,Spring Boot,Spring Boot Dependency Management,193,Part C,NEW ✨ (pending),How does Spring Boot simplify the management of application dependencies?
1740,Theory,Spring Boot,Spring Boot Migration,191,EXISTING TECHNICAL,EXISTING,What challenges might you face while upgrading from Spring Boot 2 to Spring Boot 3?
1741,Theory,Spring Boot,Spring Boot Migration,191,EXISTING TECHNICAL,EXISTING,Let's say you have a legacy application without a Spring context. How would Spring Boot simplify the migration?
1743,Theory,Spring Boot,Spring Boot Starter,193,Part C,NEW ✨ (pending),"If someone gives you a task to create your own custom Starter, how would you do that?"
1745,Theory,Spring Boot,Spring Boot Starter / Third-Party Library,193,Part C,NEW ✨ (pending),Let's say your project needs to integrate a third-party library. How would you proceed to create a starter for this library?
1746,Theory,Spring Boot,Spring Boot Starter Parent,190,EXISTING TECHNICAL,EXISTING,What's the purpose of having a Spring Boot Starter Parent?
1747,Theory,Spring Boot,Spring Boot Starters,190,EXISTING TECHNICAL,EXISTING,Do you know about Spring Boot starters and how they work?
1748,Theory,Spring Boot,Spring Boot Starters,193,EXISTING TECHNICAL,EXISTING,Do you know what a Spring Boot Starter is and what its purpose is?
1749,Theory,Spring Boot,Spring Boot Starters,190,EXISTING TECHNICAL,EXISTING,What are Spring Boot Starters and how do they help in application development?
1750,Theory,Spring Boot,Spring Boot Starters,190,EXISTING TECHNICAL,EXISTING,Can you name a few common Starters and their use cases?
1751,Theory,Spring Boot,Spring Boot Starters,193,EXISTING TECHNICAL,EXISTING,Why do we use Spring Boot Starters?
1752,Theory,Spring Boot,Spring Boot Starters,193,EXISTING TECHNICAL,EXISTING,Can you explain the concept and advantages of Spring Boot Starters?
1756,Theory,Spring Boot,Spring Boot Starters,193,Part C,NEW ✨ (pending),Do you know about Starter dependencies? Can you give me a brief explanation?
1757,Theory,Spring Boot,Spring Boot Starters,193,EXISTING TECHNICAL,EXISTING,Can we create our own Starter dependency?
1758,Theory,Spring Boot,Spring Boot Version,191,EXISTING TECHNICAL,EXISTING,Do you know about the latest Spring Boot version?
1759,Theory,Spring Boot,Spring Boot Version,194,EXISTING TECHNICAL,EXISTING,What's the latest Spring Boot version going on in the market?
1761,Theory,Spring Boot,Spring Boot,194,Part C,NEW ✨ (pending),"@SpringBootApplication consists of three annotations internally, right? Can you tell me in brief about this?"
1763,Theory,Spring Boot,Spring Boot Internals,1,EXISTING TECHNICAL,EXISTING,What happens internally when we start a Spring Boot application?
1764,Theory,Spring Boot,Spring Boot Internals,1,EXISTING TECHNICAL,EXISTING,What role does SpringApplication.run() play?
1766,Job Experience,Spring Boot,Spring Boot,189,EXPERIENCE ANCHOR,EXISTING ANCHOR,Can you discuss a specific Spring Boot feature that you used to solve a complex problem in your last project?
1767,Job Experience,Spring Boot,Spring Boot Dependencies,190,EXPERIENCE ANCHOR,EXISTING ANCHOR,Can you name some dependencies that you have used in your project?
1768,Job Experience,Spring Boot,Spring Boot Migration,191,EXPERIENCE ANCHOR,EXISTING ANCHOR,Did you get a chance to migrate Spring Boot version from 2 to 3?
1769,Job Experience,Spring Boot,Spring Boot Migration,192,EXPERIENCE ANCHOR,EXISTING ANCHOR,Are you going to migrate Spring Boot?
1775,Job Experience,Spring Boot,Spring Boot Starters,193,EXPERIENCE ANCHOR,EXISTING ANCHOR,What are some common Spring Boot Starters that you have used in your projects?
1776,Job Experience,Spring Boot,Spring Boot Version,194,EXPERIENCE ANCHOR,EXISTING ANCHOR,Which Spring Boot version are you currently using in your project?
1783,Theory,Spring Boot,Spring Boot / Lazy Initialization,196,Part B,NEW ✨ (pending),"What is Lazy Initialization in Spring Boot, and how can you enable it?"
1784,Theory,Spring Boot,Spring Boot Auto-Configuration,189,EXISTING TECHNICAL,EXISTING,What are the steps to override a specific auto-configuration?
1785,Theory,Spring Boot,Spring Boot Auto-Configuration,193,Part B,NEW ✨ (pending),Have you heard about the exclude attribute inside @EnableAutoConfiguration?
1789,Theory,Spring Boot,Spring Boot Auto-Configuration,191,EXISTING TECHNICAL,EXISTING,What issues might arise if you accidentally exclude a critical Auto-Configuration class?
1792,Theory,Spring Boot,Spring Boot Auto-Configuration,193,Part B,NEW ✨ (pending),What is the link between @EnableAutoConfiguration and Autowiring?
1793,Theory,Spring Boot,Spring Boot Auto-Configuration,195,EXISTING TECHNICAL,EXISTING,"What are the purposes of Conditional Annotations, and what do we achieve by using them?"
1794,Theory,Spring Boot,Spring Boot Configuration,196,EXISTING TECHNICAL,EXISTING,What is Externalized Configuration?
1795,Theory,Spring Boot,Spring Boot / @Value,195,EXISTING TECHNICAL,EXISTING,"You use @Value, but the application throws a BeanCreationException. What could be wrong?"
1796,Theory,Spring Boot,Spring Boot / @Value,195,EXISTING TECHNICAL,EXISTING,What happens if you use @Value and the requested Property does not exist?
1797,Theory,Spring Boot,Spring Boot / Conditional Configuration,195,EXISTING TECHNICAL,EXISTING,How do Custom Conditional Annotations work in Spring Boot?
1798,Theory,Spring Boot,Spring Boot Auto-Configuration,193,Part B,NEW ✨ (pending),Can we customize a specific auto-configuration in Spring Boot?
1800,Theory,Spring Boot,Spring Boot Auto-Configuration,193,Part B,NEW ✨ (pending),What's auto-configuration?
1801,Theory,Spring Boot,Spring Boot Auto-Configuration,189,EXISTING TECHNICAL,EXISTING,Can you give an example of a situation where we would need to override the default auto-configuration?
1803,Theory,Spring Boot,Spring Boot Auto-Configuration,189,EXISTING TECHNICAL,EXISTING,Can you provide an example where auto-configuration simplifies development?
1812,Theory,Spring Boot,Spring Boot Auto-Configuration,189,EXISTING TECHNICAL,EXISTING,Can you discuss a scenario where you have to override the default auto-configuration provided by Spring Boot?
1813,Theory,Spring Boot,Spring Boot Auto-Configuration,189,EXISTING TECHNICAL,EXISTING,Do you know how we can achieve overriding the default auto-configuration?
1816,Theory,Spring Boot,Spring Boot Auto-Configuration,195,EXISTING TECHNICAL,EXISTING,How does @ConditionalOnMissingBean work?
1817,Theory,Spring Boot,Spring Boot Auto-Configuration,195,EXISTING TECHNICAL,EXISTING,Why is the classpath used in Auto-Configuration?
1818,Theory,Spring Boot,Spring Boot Auto-Configuration,193,Part B,NEW ✨ (pending),"If one of the annotations combined by @SpringBootApplication conflicts with your specific configuration, how can you exclude it from the application?"
1820,Theory,Spring Boot,Spring Boot Auto-Configuration,193,Part B,NEW ✨ (pending),How many ways can you exclude Auto-Configuration?
1822,Theory,Spring Boot,Spring Boot Auto-Configuration,193,Part C,NEW ✨ (pending),Do you know the role of spring.factories in Auto-Configuration?
1823,Theory,Spring Boot,Spring Boot Auto-Configuration,189,EXISTING TECHNICAL,EXISTING,Can a custom @Bean override an Auto-Configured Bean?
1824,Theory,Spring Boot,Spring Boot Auto-Configuration / Beans,193,Part C,NEW ✨ (pending),What happens if two auto-configuration classes define the same bean?
1826,Theory,Spring Boot,Spring Boot Configuration,196,EXISTING TECHNICAL,EXISTING,How does Spring Boot handle application configuration?
1827,Theory,Spring Boot,Spring Boot Configuration,196,EXISTING TECHNICAL,EXISTING,What's the order of precedence in the configuration?
1828,Theory,Spring Boot,Spring Boot Configuration,196,EXISTING TECHNICAL,EXISTING,Can we check environment properties in our Spring Boot application?
1829,Theory,Spring Boot,Spring Boot Configuration,196,EXISTING TECHNICAL,EXISTING,Can you describe how you would configure a Spring Boot application using both application.properties and application.yml files?
1832,Theory,Spring Boot,Spring Boot Configuration,192,EXISTING TECHNICAL,EXISTING,"If a project has both YAML and Properties files, which one would have more priority?"
1833,Theory,Spring Boot,Spring Boot Configuration,196,Part B,NEW ✨ (pending),What's the YAML file name in your application?
1834,Theory,Spring Boot,Spring Boot Configuration,196,EXISTING TECHNICAL,EXISTING,Can you tell me the difference between application.properties and application.yml?
1836,Theory,Spring Boot,Spring Boot Configuration,196,EXISTING TECHNICAL,EXISTING,What's the purpose of @ConfigurationProperties annotation?
1837,Theory,Spring Boot,Spring Boot Configuration,199,EXISTING TECHNICAL,EXISTING,What about the @Value annotation?
1838,Theory,Spring Boot,Spring Boot Configuration,196,Part B,NEW ✨ (pending),Can you describe how properties are managed in Spring Boot?
1840,Theory,Spring Boot,Spring Boot Configuration,197,EXISTING TECHNICAL,EXISTING,What's the benefit of using a YAML file?
1842,Theory,Spring Boot,Spring Boot Configuration,197,EXISTING TECHNICAL,EXISTING,What is the difference between @ConfigurationProperties and @Value?
1845,Theory,Spring Boot,Spring Boot Configuration,197,EXISTING TECHNICAL,EXISTING,How does Spring Boot resolve Property Precedence?
1846,Theory,Spring Boot,Spring Boot Configuration,189,EXISTING TECHNICAL,EXISTING,Your custom Configuration is not getting picked up by Spring Boot. What steps would you check?
1847,Theory,Spring Boot,Spring Boot Configuration,197,EXISTING TECHNICAL,EXISTING,"Can we use both application.yml and application.properties in the same Spring Boot application, and how are they prioritized?"
1848,Theory,Spring Boot,Spring Boot Configuration,202,EXISTING TECHNICAL,EXISTING,@ConfigurationProperties is returning null values. What could be wrong?
1849,Theory,Spring Boot,Spring Boot Configuration,196,Part B,NEW ✨ (pending),"You declared @ConfigurationProperties, but it is returning null values. What could be wrong?"
1850,Theory,Spring Boot,Spring Boot Configuration,192,EXISTING TECHNICAL,EXISTING,You migrated from application.properties to application.yml and the Application now fails. What could have gone wrong?
1851,Theory,Spring Boot,Spring Boot Profiles,192,EXISTING TECHNICAL,EXISTING,What happens if multiple Spring Boot Profiles are active at the same time?
1852,Theory,Spring Boot,Spring Boot Auto-Configuration,193,Part C,NEW ✨ (pending),How does Spring Boot decide what to configure automatically internally?
1860,Production,Spring Boot,Spring Boot / ConfigurationProperties,202,EXISTING TECHNICAL,EXISTING,A value from @ConfigurationProperties works locally but is always null in production. What could cause this and how would you fix it?
1863,Job Experience,Spring Boot,Spring Boot Conditional Annotations,57,EXPERIENCE ANCHOR,EXISTING ANCHOR,Have you used Conditional annotations in Spring Boot?
1864,Job Experience,Spring Boot,Spring Boot Configuration,196,EXPERIENCE ANCHOR,EXISTING ANCHOR,"In your current project, how are these configuration files structured?"
1865,Job Experience,Spring Boot,Spring Boot Configuration,197,EXPERIENCE ANCHOR,EXISTING ANCHOR,Are you using properties or YAML file?
1866,Job Experience,Spring Boot,Spring Boot Configuration,198,EXPERIENCE ANCHOR,EXISTING ANCHOR,Are you guys planning to migrate to YAML or not?
1867,Job Experience,Spring Boot,Spring Boot Configuration,199,EXPERIENCE ANCHOR,EXISTING ANCHOR,Would you prefer YAML or Properties?
1868,Job Experience,Spring Boot,Spring Boot Configuration,200,EXPERIENCE ANCHOR,EXISTING ANCHOR,"Which one do you use, Properties or YAML, and why?"
1870,Job Experience,Spring Boot,Spring Boot Configuration,201,EXPERIENCE ANCHOR,EXISTING ANCHOR,Why did you not use YAML if you prefer it?
1871,Job Experience; Production,Spring Boot,Spring Boot Configuration,202,EXPERIENCE ANCHOR,EXISTING ANCHOR,Have you ever misconfigured any property and caused an issue in Production?
1872,Theory,Spring Boot,Spring Boot / Embedded Server,207,Part B,NEW ✨ (pending),What are the Pros and Cons of using Spring Boot's Embedded Server?
1873,Theory,Spring Boot,Spring Boot Actuator,203,EXISTING TECHNICAL,EXISTING,What are Actuators in Spring Boot?
1874,Theory,Spring Boot,Spring Boot Actuator,203,EXISTING TECHNICAL,EXISTING,What are the best practices for Actuator endpoints?
1876,Theory,Spring Boot,Spring Boot Actuator,204,EXISTING TECHNICAL,EXISTING,What is the Maven dependency name for Spring Boot Actuator?
1877,Theory,Spring Boot,Spring Boot Embedded Server,207,Part B,NEW ✨ (pending),What are the pros and cons of using an embedded server?
1878,Theory,Spring Boot,Spring Boot Actuator,204,EXISTING TECHNICAL,EXISTING,Do you know about Spring Boot Actuator?
1879,Theory,Spring Boot,Spring Boot Actuator,203,EXISTING TECHNICAL,EXISTING,Can you name some endpoints provided by Spring Boot Actuator?
1880,Theory,Spring Boot,Spring Boot Actuator,204,Part B,NEW ✨ (pending),Tell me a few endpoints that Actuator provides.
1881,Theory,Spring Boot,Spring Boot Actuator,204,Part B,NEW ✨ (pending),Can you explain Spring Boot Actuators? Why do we use them?
1883,Theory,Spring Boot,Spring Boot Actuator,286,EXISTING TECHNICAL,EXISTING,How does Spring Boot Actuator enhance application management?
1884,Theory,Spring Boot,Spring Boot Actuator,204,EXISTING TECHNICAL,EXISTING,"Can we customize an Actuator endpoint, such as creating a new endpoint or modifying an existing one?"
1885,Theory,Spring Boot,Spring Boot Actuator,147,EXISTING TECHNICAL,EXISTING,Can we utilize Spring Boot Actuator endpoints while investigating application performance or health issues?
1886,Theory,Spring Boot,Spring Boot Actuator,147,EXISTING TECHNICAL,EXISTING,How would you expose Custom Metrics using Spring Boot Actuator?
1887,Theory,Spring Boot,Spring Boot Actuator,150,EXISTING TECHNICAL,EXISTING,How would you create a Custom Health Indicator to monitor a Third-Party API?
1888,Theory,Spring Boot,Spring Boot Actuator / Security,151,EXISTING TECHNICAL,EXISTING,How can we secure Actuator endpoints?
1889,Theory,Spring Boot,Spring Boot DevTools,206,EXISTING TECHNICAL,EXISTING,Can you explain the need for the DevTools dependency?
1890,Theory,Spring Boot,Spring Boot DevTools,206,EXISTING TECHNICAL,EXISTING,Can you give a brief explanation of Spring Boot DevTools?
1891,Theory,Spring Boot,Spring Boot Embedded Server,207,EXISTING TECHNICAL,EXISTING,How does Spring Boot make the decision on which server to use?
1892,Theory,Spring Boot,Spring Boot Embedded Server,207,EXISTING TECHNICAL,EXISTING,What's the default server?
1894,Theory,Spring Boot,Spring Boot Embedded Server,207,EXISTING TECHNICAL,EXISTING,Can we change the default server?
1896,Theory,Spring Boot,Spring Boot Embedded Server,207,EXISTING TECHNICAL,EXISTING,What's the role of an embedded server in a Spring Boot application?
1897,Theory,Spring Boot,Spring Boot Embedded Server,207,Part B,NEW ✨ (pending),Tell me the servers that Spring Boot provides.
1898,Theory,Spring Boot,Spring Boot Embedded Server,207,EXISTING TECHNICAL,EXISTING,Can we remove the default one and include whatever we want?
1899,Theory,Spring Boot,Spring Boot Embedded Server,207,Part B,NEW ✨ (pending),How can we do that?
1900,Theory,Spring Boot,Spring Boot Embedded Server,207,Part B,NEW ✨ (pending),Can we change the type of server in Spring Boot?
1901,Theory,Spring Boot,Spring Boot Embedded Server,207,Part B,NEW ✨ (pending),Is it possible to change the port of the Tomcat server in a Spring Boot application?
1902,Theory,Spring Boot,Spring Boot Embedded Server,207,Part B,NEW ✨ (pending),What's the default port of Tomcat in Spring Boot?
1903,Theory,Spring Boot,Spring Boot Embedded Server,207,Part C,NEW ✨ (pending),Can we replace the default port?
1904,Theory,Spring Boot,Spring Boot Embedded Server,207,Part C,NEW ✨ (pending),Can we disable the default web server in a Spring Boot application?
1906,Theory,Spring Boot,Spring Boot Embedded Server,207,Part C,NEW ✨ (pending),"What servers are provided by Spring Boot, and which one is the default?"
1908,Theory,Spring Boot,Spring Boot Embedded Server,207,Part C,NEW ✨ (pending),"How does Spring Boot decide which port to run on, and how can we change it?"
1909,Theory,Spring Boot,Spring Boot Embedded Server,207,EXISTING TECHNICAL,EXISTING,What servers are available in Spring Boot besides the default Tomcat server?
1910,Theory,Spring Boot,Spring Boot Embedded Server,207,Part C,NEW ✨ (pending),"If I ask you to disable the existing Tomcat server and enable a new server, how would you do that?"
1911,Theory,Spring Boot,Spring Boot Embedded Server,207,EXISTING TECHNICAL,EXISTING,What is the difference between embedded-server deployment and external application-server deployment?
1912,Theory,Spring Boot,Spring Boot Embedded Server,207,Part C,NEW ✨ (pending),Can we override or replace Tomcat with another embedded server?
1913,Theory,Spring Boot,Spring Boot Embedded Server,207,Part C,NEW ✨ (pending),How does Spring Boot decide which Embedded Server to use if multiple server options are available?
1914,Theory,Spring Boot,Spring Boot Embedded Server,207,Part D,NEW ✨ (pending),Can you provide an example of an advanced configuration for an Embedded Server?
1915,Job Experience,Spring Boot,Spring Boot Actuator,203,EXPERIENCE ANCHOR,EXISTING ANCHOR,Have you used the health endpoint?
1916,Job Experience,Spring Boot,Spring Boot Actuator,204,EXPERIENCE ANCHOR,EXISTING ANCHOR,Have you worked with Actuators?
1917,Job Experience,Spring Boot,Spring Boot Actuator,205,EXPERIENCE ANCHOR,EXISTING ANCHOR,Are you guys using Actuator for health checks?
1919,Production,Spring Boot,Spring Boot Actuator / Security,150,EXISTING TECHNICAL,EXISTING,"What security measures should be implemented when using Spring Boot Actuator, especially in Production?"
1920,Job Experience,Spring Boot,Spring Boot DevTools,206,EXPERIENCE ANCHOR,EXISTING ANCHOR,Have you worked with Spring Boot DevTools?
1921,Production,Spring Boot,Spring Boot DevTools,150,EXISTING TECHNICAL,EXISTING,What potential issues might arise when using Spring Boot DevTools in a Production environment?
1924,Production,Spring Boot,Spring Boot DevTools,151,EXISTING TECHNICAL,EXISTING,"What precautions should be considered when using Spring Boot DevTools, especially in Production?"
1925,Job Experience,Spring Boot,Spring Boot Embedded Server,207,EXPERIENCE ANCHOR,EXISTING ANCHOR,Have you used different servers? Which server have you used in your project?
1926,Theory,Spring Boot,Spring Batch,180,Part B,NEW ✨ (pending),Have you heard about Spring Batch?
1927,Theory,Spring Integration,Spring Integration,208,EXISTING TECHNICAL,EXISTING,Can Spring Boot be integrated with an application or library that itself is not using the Spring Framework?
1928,Job Experience,Spring Integration,Shared Libraries,208,EXPERIENCE ANCHOR,EXISTING ANCHOR,Have you created any common repository or shared library?
1929,Job Experience,Spring Integration,Third-Party Integration,209,EXPERIENCE ANCHOR,EXISTING ANCHOR,Can you discuss your experience with integrating third-party services in any of the projects?
1930,Job Experience,Spring Integration,Third-Party Integration,210,EXPERIENCE ANCHOR,EXISTING ANCHOR,What third-party service do you use?
1931,Theory,Web & APIs,Spring MVC,212,EXISTING TECHNICAL,EXISTING,What is the @ResponseBody annotation?
1932,Theory,Web & APIs,Core Java / Server,220,Part D,NEW ✨ (pending),Can we create a server in a Java application without using Spring Framework?
1935,Theory,Web & APIs,Spring Boot / I/O,50,EXISTING TECHNICAL,EXISTING,What is the difference between Blocking and Non-Blocking I/O in Spring Boot?
1936,Theory,Web & APIs,Spring Boot File Upload,50,EXISTING TECHNICAL,EXISTING,"Your REST API allows file uploads, but users complain about large files failing silently. How would you fix this issue?"
1937,Theory,Web & APIs,Spring MVC,212,Part B,NEW ✨ (pending),What happens if you annotate a class with both @Controller and @RestController?
1939,Theory,Web & APIs,Spring MVC,212,EXISTING TECHNICAL,EXISTING,Can you tell me the difference between @RestController and @Controller?
1941,Theory,Web & APIs,Spring MVC,223,EXISTING TECHNICAL,EXISTING,Can @RestController return XML?
1942,Theory,Web & APIs,Spring MVC,211,EXISTING TECHNICAL,EXISTING,Can you tell me the difference between @RequestMapping and @GetMapping?
1944,Theory,Web & APIs,Spring MVC,211,EXISTING TECHNICAL,EXISTING,Is it possible to have two @RequestMappings with the same URL but different request methods?
1945,Theory,Web & APIs,Spring MVC,211,EXISTING TECHNICAL,EXISTING,What if @RequestParam and @PathVariable are used in the same method?
1946,Theory,Web & APIs,Spring MVC,211,EXISTING TECHNICAL,EXISTING,Can you describe the role of @RestController and @RequestMapping annotations in Spring MVC?
1947,Theory,Web & APIs,Spring MVC,211,EXISTING TECHNICAL,EXISTING,Can you tell me the difference between @PathVariable and @RequestParam and give an example of each?
1950,Theory,Web & APIs,Spring MVC,212,EXISTING TECHNICAL,EXISTING,"In which scenario would you prefer @RestController over @Controller, or one over the other?"
1951,Theory,Web & APIs,Spring MVC,212,Part B,NEW ✨ (pending),Is it possible to combine @Controller and @RestController functionalities in a single controller?
1952,Theory,Web & APIs,Spring MVC,102,EXISTING TECHNICAL,EXISTING,Can we use @Controller while writing REST APIs? How would you do that?
1953,Theory,Web & APIs,Spring MVC,212,Part B,NEW ✨ (pending),What's the role of @ResponseBody?
1955,Theory,Web & APIs,Spring MVC,102,EXISTING TECHNICAL,EXISTING,"For mapping APIs, would you use @RequestMapping for GET, POST and PUT, or individual annotations like @GetMapping and @PostMapping?"
1956,Theory,Web & APIs,Spring MVC,212,Part B,NEW ✨ (pending),Can we use only @Controller instead of @RestController for REST APIs?
1957,Theory,Web & APIs,Spring MVC,212,EXISTING TECHNICAL,EXISTING,What is the difference between @RequestBody and @ResponseBody?
1958,Theory,Web & APIs,Spring MVC / Content Negotiation,212,EXISTING TECHNICAL,EXISTING,"If both @Controller and @RestController are present, how does Spring Boot decide whether to return a View or a JSON response?"
1959,Theory,Web & APIs,Spring MVC / File Upload,50,EXISTING TECHNICAL,EXISTING,"How does Spring MVC handle file uploads, and what configurations are required?"
1960,Job Experience,Web & APIs,Spring MVC,211,EXPERIENCE ANCHOR,EXISTING ANCHOR,Where should we use @RequestMapping and @GetMapping? Can you share an example of a real API?
1961,Job Experience,Web & APIs,Spring MVC,212,EXPERIENCE ANCHOR,EXISTING ANCHOR,Have you worked with Spring MVC?
1963,Theory,Web & APIs,REST API / CORS,221,EXISTING TECHNICAL,EXISTING,What is CORS in a Frontend-Backend application?
1964,Theory,Web & APIs,REST API / ResponseEntity,218,EXISTING TECHNICAL,EXISTING,What is ResponseEntity?
1966,Theory,Web & APIs,REST API / State Management,185,EXISTING TECHNICAL,EXISTING,What are Stateless APIs versus Stateful APIs?
1967,Theory,Web & APIs,Spring REST API,97,EXISTING TECHNICAL,EXISTING,What are the important annotations that we use while creating REST APIs?
1968,Theory,Web & APIs,HTTP Status Codes,213,Part B,NEW ✨ (pending),What's the status code for a successful DELETE operation?
1969,Theory,Web & APIs,HTTP Status Codes,213,Part B,NEW ✨ (pending),What about the 4xx series of status codes?
1970,Theory,Web & APIs,REST API,97,EXISTING TECHNICAL,EXISTING,Tell me the difference between returning a ResponseEntity versus returning an object through REST APIs.
1971,Theory,Web & APIs,REST API,220,Part D,NEW ✨ (pending),What's the generic return type of a REST API? What type of data does the UI receive when we expose endpoints?
1972,Theory,Web & APIs,REST API,220,Part D,NEW ✨ (pending),"Let's say your REST controller method returns null. What does the client receive: 200 with a null body, 404, or another error?"
1975,Theory,Web & APIs,REST API,222,EXISTING TECHNICAL,EXISTING,What's the difference between PUT and PATCH?
1977,Theory,Web & APIs,REST API,223,EXISTING TECHNICAL,EXISTING,What's the difference between REST API and SOAP API?
1979,Theory,Web & APIs,REST API / Content Negotiation,105,EXISTING TECHNICAL,EXISTING,How do you design an API that supports both JSON and XML responses based on Content-Type?
1980,Theory,Web & APIs,REST API / Content Negotiation,223,EXISTING TECHNICAL,EXISTING,"Is JSON the default data format, or can we change it to another format?"
1981,Theory,Web & APIs,REST API / File Processing,50,EXISTING TECHNICAL,EXISTING,"You need to expose a REST API that accepts a CSV file upload and processes 50,000 rows, but the HTTP request times out. How would you redesign the flow?"
1982,Theory,Web & APIs,REST API / File Upload,157,EXISTING TECHNICAL,EXISTING,How can you upload an Image through a Spring Boot REST API?
1984,Theory,Web & APIs,REST API / HATEOAS,217,EXISTING TECHNICAL,EXISTING,Do you know about HATEOAS?
1985,Theory,Web & APIs,REST API / HATEOAS,215,Part B,NEW ✨ (pending),How does HATEOAS relate to REST APIs?
1986,Theory,Web & APIs,REST API / HTTP,97,EXISTING TECHNICAL,EXISTING,What HTTP status codes and HTTP methods do we have?
1987,Theory,Web & APIs,REST API / HTTP Methods,213,EXISTING TECHNICAL,EXISTING,Do you know the difference between safe and idempotent methods in REST?
1990,Theory,Web & APIs,REST API / HTTP Status,213,Part B,NEW ✨ (pending),Tell me the status codes for REST APIs.
1991,Theory,Web & APIs,REST API / HTTP Status,213,EXISTING TECHNICAL,EXISTING,What's the difference between 400 and 500 status codes?
1993,Theory,Web & APIs,REST API / HTTP Status,213,EXISTING TECHNICAL,EXISTING,"What Status Codes would you return for Resource Not Found, Validation Failure, Unauthorized Access, and Internal Server Error?"
1994,Theory,Web & APIs,REST API / HTTP Status,213,Part B,NEW ✨ (pending),What Status Code would you return when data is successfully deleted?
1995,Theory,Web & APIs,REST API / Idempotency,215,EXISTING TECHNICAL,EXISTING,Are you aware about idempotent methods? What are idempotent methods and why do we use them?
1996,Theory,Web & APIs,REST API / Idempotency,97,EXISTING TECHNICAL,EXISTING,Do you know about idempotent APIs?
1997,Theory,Web & APIs,REST API / PATCH,215,EXISTING TECHNICAL,EXISTING,Can you tell me a scenario where we should use PATCH?
1998,Theory,Web & APIs,REST API / ResponseEntity,223,Part B,NEW ✨ (pending),Do you know about ResponseEntity in REST APIs?
1999,Theory,Web & APIs,REST API / ResponseEntity,215,EXISTING TECHNICAL,EXISTING,One API returns data using ResponseEntity and another returns a plain response such as a String. What are the differences between their responses?
2000,Theory,Web & APIs,REST API / ResponseEntity,223,Part B,NEW ✨ (pending),"Other than Serialization, what differences would there be between a ResponseEntity response and a plain response?"
2001,Theory,Web & APIs,REST API / Security,105,EXISTING TECHNICAL,EXISTING,"How would you prevent common vulnerabilities in a REST API, such as SQL injection, CSRF and XSS?"
2002,Theory,Web & APIs,REST API / Security,97,EXISTING TECHNICAL,EXISTING,How would you avoid leaking Stack Traces in an API response?
2003,Theory,Web & APIs,REST API / Security,217,EXISTING TECHNICAL,EXISTING,"For a Read-Only API involving a Sensitive ID, when might you prefer POST over GET?"
2004,Theory,Web & APIs,REST API / Testing,95,EXISTING TECHNICAL,EXISTING,"Let's say you have created a REST API. How do you test it, including unit testing, integration testing and manual testing?"
2005,Theory,Web & APIs,Spring MVC / REST API,212,Part B,NEW ✨ (pending),What is the difference between @RequestParam and @PathVariable?
2006,Theory,Web & APIs,Spring REST API,214,EXISTING TECHNICAL,EXISTING,What annotations are typically used to create RESTful services in Spring Boot?
2007,Coding,Web & APIs,REST API / Content Negotiation,102,EXISTING TECHNICAL,EXISTING,"Other than JSON and XML, can a REST API return a custom response format, and how would you implement that conversion?"
2008,Coding,Web & APIs,REST API / Idempotency,213,EXISTING TECHNICAL,EXISTING,How would you implement Idempotency for a POST API in a Payment Service?
2009,Job Experience,Web & APIs,REST API,213,EXPERIENCE ANCHOR,EXISTING ANCHOR,What REST API best practices do you follow in your project?
2010,Job Experience,Web & APIs,REST API,214,EXPERIENCE ANCHOR,EXISTING ANCHOR,"Are you involved in writing REST APIs, creating business logic, and database interactions?"
2011,Job Experience,Web & APIs,REST API,215,EXPERIENCE ANCHOR,EXISTING ANCHOR,What's the best practice while writing REST APIs?
2012,Job Experience,Web & APIs,REST API,216,EXPERIENCE ANCHOR,EXISTING ANCHOR,How did you design and develop the RESTful API for patient registrations and appointment scheduling?
2013,Job Experience,Web & APIs,REST API,217,EXPERIENCE ANCHOR,EXISTING ANCHOR,What's your approach to designing an API? What considerations do you take first?
2014,Job Experience,Web & APIs,REST API,218,EXPERIENCE ANCHOR,EXISTING ANCHOR,Do you create APIs in your project?
2015,Job Experience,Web & APIs,REST API,219,EXPERIENCE ANCHOR,EXISTING ANCHOR,Can you tell me a few APIs that you have created recently?
2016,Job Experience,Web & APIs,REST API,220,EXPERIENCE ANCHOR,EXISTING ANCHOR,Can you describe a complex API you designed?
2017,Job Experience,Web & APIs,REST API / Headers,221,EXPERIENCE ANCHOR,EXISTING ANCHOR,What information do you store or pass in Request and Response Headers in your current project?
2018,Job Experience,Web & APIs,REST API / PATCH,222,EXPERIENCE ANCHOR,EXISTING ANCHOR,Have you worked with the PATCH method?
2019,Job Experience,Web & APIs,REST API / XML,223,EXPERIENCE ANCHOR,EXISTING ANCHOR,Did you get a chance to return XML responses through your REST API?
2020,Theory,Web & APIs,Multithreading / REST API,220,Part D,NEW ✨ (pending),Let's say you want to design a multithreaded REST Controller. How could we design that?
2022,Theory,Web & APIs,REST API / Pagination,217,EXISTING TECHNICAL,EXISTING,"You need to expose a paginated, filterable REST API for a product catalog containing millions of rows. How would you design it?"
2023,Theory,Web & APIs,REST API / System Design,216,EXISTING TECHNICAL,EXISTING,How do you design a simple RESTful service for managing user profiles?
2024,Theory,Web & APIs,REST API / Versioning,213,EXISTING TECHNICAL,EXISTING,What is REST API versioning?
2025,Theory,Web & APIs,REST API / Versioning,224,EXISTING TECHNICAL,EXISTING,"Do you know about versioning in REST APIs, such as V1 and V2?"
2027,Theory,Web & APIs,REST API / Versioning,224,EXISTING TECHNICAL,EXISTING,"Among URL Versioning, Header Versioning and Media-Type Versioning, which approach would you prefer for Microservices?"
2028,Theory,Web & APIs,REST API / Versioning,217,EXISTING TECHNICAL,EXISTING,How would you safely deprecate older versions of an API?
2029,Theory,Web & APIs,Spring Boot / Error Handling,213,Part B,NEW ✨ (pending),How do you resolve the Whitelabel Error Page in a Spring Boot application?
2030,Theory,Web & APIs,Spring Boot / Exception Handling,213,Part B,NEW ✨ (pending),What happens if no Exception Handler is defined in a Spring Boot application?
2031,Theory,Web & APIs,Spring Boot / Exception Handling,213,Part C,NEW ✨ (pending),"You created a @RestControllerAdvice, but the Global Exception is still not being caught. What could be the reasons?"
2034,Theory,Web & APIs,Spring Boot Exception Handling / Logging,101,EXISTING TECHNICAL,EXISTING,What's your approach to error handling and logging in a Spring Boot application?
2035,Coding,Web & APIs,Exception Handling / REST API,187,EXISTING TECHNICAL,EXISTING,"If your Spring Boot backend serves a frontend that requires very specific error structures, how would you implement global exception handling to meet this requirement?"
2036,Coding,Web & APIs,Spring Boot / Exception Handling,220,EXISTING TECHNICAL,EXISTING,How can you implement a centralized Exception Handling mechanism in a Spring Boot application?
2037,Job Experience,Web & APIs,REST API / Versioning,224,EXPERIENCE ANCHOR,EXISTING ANCHOR,Did you get a chance to create or upgrade existing REST APIs to newer versions?
2039,Theory,Web & APIs,Exception Handling / Spring Boot,213,Part B,NEW ✨ (pending),How would you design a Global Exception Handling Strategy?
2040,Theory,Web & APIs,Swagger / OpenAPI,217,EXISTING TECHNICAL,EXISTING,"What is Swagger, and why do we use it?"
2041,Theory,Web & APIs,JSON / Jackson,51,EXISTING TECHNICAL,EXISTING,A Client sends snake_case JSON fields while your Java Fields use camelCase. How would you map them correctly?
2042,Theory,Web & APIs,JSON / Serialization,51,EXISTING TECHNICAL,EXISTING,Can JSON Serialization and Deserialization be customized instead of using the default Jackson behavior?
2043,Theory,Web & APIs,JSON / Serialization,225,EXISTING TECHNICAL,EXISTING,How would you configure JSON Serialization so that Fields with null values are omitted from the Response?
2044,Theory,Web & APIs,REST API / JSON Serialization,101,EXISTING TECHNICAL,EXISTING,Your API endpoint returns an empty JSON response even though the database has data. What would be the possible causes?
2045,Theory,Web & APIs,Spring MVC / Request Mapping,212,Part B,NEW ✨ (pending),What happens if multiple Controllers have overlapping @RequestMapping paths?
2047,Theory,Web & APIs,Spring MVC / Request Mapping,211,EXISTING TECHNICAL,EXISTING,What is the difference between Class-Level and Method-Level @RequestMapping?
2049,Coding,Web & APIs,Java Coding / JSON,223,Part B,NEW ✨ (pending),How would you write a Method to Flatten a Deeply Nested JSON Object?
2050,Theory,Web & APIs,Spring MVC / Jackson,51,EXISTING TECHNICAL,EXISTING,How does Spring Boot handle JSON conversion internally?
2052,Job Experience,Web & APIs,DTO,225,EXPERIENCE ANCHOR,EXISTING ANCHOR,What fields would you include in an Inventory DTO?
2053,Theory,Web & APIs,REST / SOAP,210,EXISTING TECHNICAL,EXISTING,Do you know the difference between REST API and SOAP?
2054,Theory,Web & APIs,REST Client / RestTemplate,209,EXISTING TECHNICAL,EXISTING,"What structure, configuration, and methods do you use to consume an External API using RestTemplate?"
2055,Theory,Web & APIs,Spring REST Client,209,EXISTING TECHNICAL,EXISTING,What is the difference between RestTemplate and WebClient?
2057,Theory,Web & APIs,Spring WebClient,209,EXISTING TECHNICAL,EXISTING,Can you please brief on WebClient? What is WebClient?
2058,Job Experience,Web & APIs,SOAP,226,EXPERIENCE ANCHOR,EXISTING ANCHOR,Have you worked with SOAP?
2059,Job Experience,Web & APIs,Reactive Programming,227,EXPERIENCE ANCHOR,EXISTING ANCHOR,Have you worked on reactive programming?
2060,Job Experience,Web & APIs,Spring WebFlux,228,EXPERIENCE ANCHOR,EXISTING ANCHOR,Have you worked with Spring WebFlux?
2062,Theory,Persistence,Hibernate / Caching,184,EXISTING TECHNICAL,EXISTING,What is First-Level Cache and Second-Level Cache?
2063,Theory,Persistence,JPA / EntityManager,231,EXISTING TECHNICAL,EXISTING,What is the role of EntityManager in JPA?
2064,Theory,Persistence,Entity / DTO Design,232,Part B,NEW ✨ (pending),What mandatory Entity or DTO fields would you add for a delivery partner?
2065,Theory,Persistence,Hibernate / JDBC,232,Part B,NEW ✨ (pending),"If you were designing a new Human Resource Management System, would you choose Hibernate or JDBC for Database operations, and why?"
2066,Theory,Persistence,JPA / Cascade,231,EXISTING TECHNICAL,EXISTING,What happens when you delete a Parent Entity in a One-to-Many relationship when CascadeType.ALL is configured?
2067,Theory,Persistence,JPA / Cascade,232,Part B,NEW ✨ (pending),What is the difference between CascadeType.REMOVE and orphanRemoval?
2068,Theory,Persistence,JPA / Constraints,160,EXISTING TECHNICAL,EXISTING,How would you enforce Uniqueness across multiple fields in a JPA Entity?
2069,Theory,Persistence,JPA / Entity Graphs,231,EXISTING TECHNICAL,EXISTING,Do you know about Entity Graphs in JPA?
2070,Theory,Persistence,JPA / Entity Mapping,231,EXISTING TECHNICAL,EXISTING,What happens if you forget to annotate the Primary-Key field with @Id?
2071,Theory,Persistence,JPA / EntityManager,179,Part B,NEW ✨ (pending),What does flush() do when it is called inside a Transaction?
2072,Theory,Persistence,JPA / JSON Serialization,216,EXISTING TECHNICAL,EXISTING,You have a Bidirectional relationship between User and Order. How do you prevent Infinite Recursion during JSON Serialization?
2073,Theory,Persistence,JPA / Lazy Loading,231,EXISTING TECHNICAL,EXISTING,What happens if you access a Lazy-Loaded Relationship outside a Transaction?
2075,Theory,Persistence,JPA / Persistence,237,EXISTING TECHNICAL,EXISTING,"You updated an Entity, but the changes are not being reflected in the database. What could be wrong?"
2077,Theory,Persistence,JPA / Relationships,232,Part B,NEW ✨ (pending),Why can a @OneToMany relationship without mappedBy create an Extra Join Table?
2078,Theory,Persistence,JPA / Sensitive Data,225,EXISTING TECHNICAL,EXISTING,How would you ensure Sensitive Data such as Passwords is not Persisted accidentally using JPA?
2079,Theory,Persistence,JPA / System Design,232,Part B,NEW ✨ (pending),What challenges could arise when using JPA to manage a complex Friends-and-Followers relationship in a Social Media application?
2080,Theory,Persistence,Optional / JPA,230,EXISTING TECHNICAL,EXISTING,Is it a good idea to use Optional inside Entity Classes or DTOs?
2081,Job Experience,Persistence,Data Format,229,EXPERIENCE ANCHOR,EXISTING ANCHOR,What data format do you use while exchanging information between different systems?
2082,Job Experience,Persistence,Entity / DTO Mapping,230,EXPERIENCE ANCHOR,EXISTING ANCHOR,"In your project, how do you convert Entity to DTO and DTO to Entity?"
2083,Job Experience,Persistence,Hibernate,231,EXPERIENCE ANCHOR,EXISTING ANCHOR,Have you worked with Hibernate ORM?
2084,Theory,Persistence,Spring Data JPA,153,EXISTING TECHNICAL,EXISTING,What are the advantages Spring Boot Data JPA offers over standard JPA?
2085,Theory,Persistence,Spring Data JPA,232,Part B,NEW ✨ (pending),What are the limitations of Spring repositories?
2086,Theory,Persistence,Spring Data JPA,214,EXISTING TECHNICAL,EXISTING,"What is the use of JPA Repository? If a class extends JpaRepository, what things does it incorporate?"
2087,Theory,Persistence,Spring Data JPA,232,EXISTING TECHNICAL,EXISTING,What are some important annotations in Spring Data JPA?
2089,Theory,Persistence,Spring Data JPA,231,EXISTING TECHNICAL,EXISTING,What is Dirty Checking in JPA?
2090,Theory,Persistence,Spring Data JPA,235,EXISTING TECHNICAL,EXISTING,What are Entity Graphs in JPA?
2091,Theory,Persistence,Spring Data JPA,237,EXISTING TECHNICAL,EXISTING,What is the purpose of @EnableJpaRepositories?
2092,Theory,Persistence,Spring Data JPA / ID Generation,232,Part D,NEW ✨ (pending),What are the best strategies for generating IDs in the database with JPA?
2093,Theory,Persistence,Spring Data / Reactive,227,EXISTING TECHNICAL,EXISTING,"What are Reactive Repositories in Spring, and how do they support Non-Blocking Database access?"
2094,Theory,Persistence,Spring Data JPA,232,EXISTING TECHNICAL,EXISTING,Explain the concept of repository in Spring Data JPA.
2095,Theory,Persistence,Spring Data JPA,232,Part C,NEW ✨ (pending),What happens if you define two Spring Data JPA repositories for the same entity?
2096,Theory,Persistence,Spring Data JPA,232,EXISTING TECHNICAL,EXISTING,Have you worked with repositories? Can you tell me the difference between JpaRepository and CrudRepository?
2098,Theory,Persistence,Spring Data JPA,232,Part C,NEW ✨ (pending),How does Spring Data JPA optimize repository performance?
2102,Theory,Persistence,Spring Data JPA,232,Part C,NEW ✨ (pending),What annotation marks a class as a JPA Entity?
2103,Theory,Persistence,Spring Data JPA,233,EXISTING TECHNICAL,EXISTING,What annotation do you use for writing a custom query?
2104,Theory,Persistence,Spring Data JPA,232,EXISTING TECHNICAL,EXISTING,Can you explain how to integrate Spring Data JPA?
2105,Theory,Persistence,Spring Data JPA,233,EXISTING TECHNICAL,EXISTING,How do you handle custom queries?
2106,Theory,Persistence,Spring Data JPA,232,EXISTING TECHNICAL,EXISTING,What additional functionality does JpaRepository provide that the other repositories don't?
2107,Theory,Persistence,Spring Data JPA,222,EXISTING TECHNICAL,EXISTING,Let's say you want to update only selected fields of an Entity. How would you do that in Spring Data JPA?
2109,Theory,Persistence,Spring Data JPA,162,EXISTING TECHNICAL,EXISTING,Do you know about the @Query annotation?
2111,Theory,Persistence,Spring Data JPA,234,EXISTING TECHNICAL,EXISTING,Do you know about Lazy versus Eager Loading in JPA?
2114,Theory,Persistence,Spring Data JPA,232,Part C,NEW ✨ (pending),What happens if you forget to add the @Entity annotation to a JPA Entity Class?
2115,Theory,Persistence,Spring Data JPA,232,Part C,NEW ✨ (pending),What is the difference between save() and saveAndFlush()?
2116,Theory,Persistence,Spring Data JPA / Bulk Update,235,EXISTING TECHNICAL,EXISTING,"How would you efficiently update 10,000 records in Spring Data JPA without loading them into Memory?"
2118,Theory,Persistence,Spring Data JPA / Constraints,232,Part C,NEW ✨ (pending),How can you ensure uniqueness across multiple columns in a JPA Entity?
2119,Theory,Persistence,Spring Data JPA / DTO,214,EXISTING TECHNICAL,EXISTING,What's the role of DTO in Spring Data JPA?
2121,Theory,Persistence,Spring Data JPA / Hibernate,232,Part D,NEW ✨ (pending),"In Spring Data JPA, what's the difference between save, persist, merge, and saveOrUpdate?"
2122,Theory,Persistence,Spring Data JPA / ID Generation,232,Part D,NEW ✨ (pending),Suppose you are designing a high-traffic application. Which ID generation strategy would you prefer and why?
2123,Theory,Persistence,Spring Data JPA / Relationships,225,EXISTING TECHNICAL,EXISTING,Let's say you have a bidirectional one-to-many relationship. How do you avoid infinite recursion in REST responses?
2124,Coding,Persistence,Spring Data JPA,225,EXISTING TECHNICAL,EXISTING,Suppose you have a requirement to dynamically fetch data with variable search criteria. How would you implement it using Spring Data JPA?
2125,Theory,Persistence,Spring Data JPA,233,EXISTING TECHNICAL,EXISTING,How do derived query method names such as findByNameAndStatus() work internally in Spring Data JPA?
2126,Coding,Persistence,Spring Data JPA,232,Part C,NEW ✨ (pending),How do you implement a Composite Primary Key in Spring Data JPA?
2127,Job Experience,Persistence,Spring Data JPA,232,EXPERIENCE ANCHOR,EXISTING ANCHOR,Have you worked with Spring Boot Data JPA?
2128,Job Experience,Persistence,Spring Data JPA,233,EXPERIENCE ANCHOR,EXISTING ANCHOR,Have you written custom queries inside Repository classes?
2130,Job Experience,Persistence,Spring Data JPA,234,EXPERIENCE ANCHOR,EXISTING ANCHOR,Have you worked with Lazy Fetching and Eager Fetching?
2131,Theory,Persistence,Spring Data JPA / Pagination,236,EXISTING TECHNICAL,EXISTING,Have you heard about Keyset Pagination or Index-Based Pagination for large datasets?
2132,Theory,Persistence,Spring Data JPA / Performance,234,EXISTING TECHNICAL,EXISTING,What is the N+1 problem in JPA?
2133,Theory,Persistence,Application Performance / Optimization,139,EXISTING TECHNICAL,EXISTING,"If I give you a pre-built project and ask you to optimize this project, what steps would you take?"
2134,Theory,Persistence,Autoboxing / Performance,236,Part B,NEW ✨ (pending),Are there any Performance Issues associated with Autoboxing?
2135,Theory,Persistence,Autoboxing / Performance,236,Part B,NEW ✨ (pending),What Performance Issues can Autoboxing and Unboxing cause?
2136,Theory,Persistence,Collections / Performance,23,EXISTING TECHNICAL,EXISTING,How is ArrayList different from LinkedList in terms of performance?
2137,Theory,Persistence,Collections / Performance,236,Part B,NEW ✨ (pending),How does the performance of Arrays.sort() compare when sorting primitive types versus objects?
2138,Theory,Persistence,Database / Performance,166,EXISTING TECHNICAL,EXISTING,"If fetching data from a MySQL database becomes slow, how can we improve the database interaction?"
2139,Theory,Persistence,Database / Performance,168,EXISTING TECHNICAL,EXISTING,Your query returns two lakh rows and the Service is running out of memory. How would you optimize this?
2140,Theory,Persistence,Database / Performance,166,EXISTING TECHNICAL,EXISTING,How would you optimize performance for heavy Read and Write operations?
2141,Theory,Persistence,Database / Read Performance,166,EXISTING TECHNICAL,EXISTING,"For heavy Read operations, what would be the best ways to optimize performance?"
2142,Theory,Persistence,Database Indexing / Spring Boot,165,EXISTING TECHNICAL,EXISTING,How can we do indexing in Spring Boot?
2143,Theory,Persistence,Database Migration / Spring Boot,159,EXISTING TECHNICAL,EXISTING,Can you tell me how Spring Boot handles data migrations?
2144,Theory,Persistence,Design Patterns / Performance,236,Part B,NEW ✨ (pending),How can Design Patterns affect the performance of a Java application?
2145,Theory,Persistence,Exception Handling / Performance,236,Part B,NEW ✨ (pending),"How does Exception Handling using try, catch and finally affect Java application performance?"
2146,Theory,Persistence,Final Keyword / Performance,236,Part B,NEW ✨ (pending),Is there any performance issue caused by using the final keyword?
2147,Theory,Persistence,Garbage Collection / Performance,236,Part B,NEW ✨ (pending),How would you handle high CPU usage caused by excessive Garbage Collection?
2148,Theory,Persistence,Hashing / Performance,236,Part C,NEW ✨ (pending),How does a good hashCode() implementation improve the performance of HashMap and HashSet?
2149,Theory,Persistence,HashMap / Performance,167,EXISTING TECHNICAL,EXISTING,"How does HashMap performance change when hash collisions increase, and what can be done to handle it?"
2151,Theory,Persistence,Hibernate / Query Languages,233,Part B,NEW ✨ (pending),Do you know about HQL and JPQL?
2152,Theory,Persistence,Integration Testing / Performance,103,EXISTING TECHNICAL,EXISTING,Your Integration Test Suite takes one hour to run daily. How would you speed it up without reducing coverage?
2153,Theory,Persistence,JPA / Native Queries,232,Part B,NEW ✨ (pending),Why might using Native Queries cause issues in a Spring Boot application?
2154,Theory,Persistence,JPA / Performance,234,EXISTING TECHNICAL,EXISTING,What is the difference between an Entity Graph and JOIN FETCH?
2155,Theory,Persistence,JVM Performance,236,Part C,NEW ✨ (pending),How would you optimize JVM startup time?
2156,Theory,Persistence,MongoDB / Spring Boot,155,EXISTING TECHNICAL,EXISTING,How do you integrate a non-relational database like MongoDB with a Spring Boot application?
2158,Theory,Persistence,Parallel Streams / Performance,236,Part C,NEW ✨ (pending),"Under what conditions might a Parallel Stream not provide a Performance Benefit, and how could that affect the application?"
2159,Theory,Persistence,Polymorphism / Performance,236,Part C,NEW ✨ (pending),"Can polymorphism lead to performance issues? If yes, in what scenario?"
2160,Theory,Persistence,REST API / Performance,236,Part C,NEW ✨ (pending),Can you tell me some methods to improve REST API performance?
2161,Theory,Persistence,REST API / Performance,139,EXISTING TECHNICAL,EXISTING,Your Spring Boot REST API is experiencing slow response time under load. How would you investigate the issue and fix it?
2162,Theory,Persistence,REST API Performance,139,EXISTING TECHNICAL,EXISTING,One of your APIs takes too long because it loads a large data set. How would you improve the performance?
2163,Theory,Persistence,Spring Bean Initialization / Performance,236,Part C,NEW ✨ (pending),Your current project is taking too long to start because of heavy bean initialization. How could you optimize startup time?
2164,Theory,Persistence,Spring Boot / Database,153,EXISTING TECHNICAL,EXISTING,How do you integrate a relational database like MySQL with a Spring Boot application?
2166,Theory,Persistence,Spring Boot / Database,153,EXISTING TECHNICAL,EXISTING,How do you connect to a database in a Spring Boot application? Explain as if you are developing a new application.
2168,Theory,Persistence,Spring Boot / Database,155,EXISTING TECHNICAL,EXISTING,"You are building a Spring Boot application that must support both SQL and NoSQL databases, such as MySQL and MongoDB, depending on the environment. How would you structure the application?"
2169,Theory,Persistence,Spring Boot / MySQL,153,EXISTING TECHNICAL,EXISTING,How can we connect MySQL with Spring Boot?
2170,Theory,Persistence,Spring Boot / SQL,162,EXISTING TECHNICAL,EXISTING,How do you call SQL Functions and Stored Procedures from a Spring Boot application?
2172,Theory,Persistence,Spring Data JPA / N+1 Problem,234,EXISTING TECHNICAL,EXISTING,How does Lazy Loading help with the N+1 Query Problem?
2173,Theory,Persistence,Spring Data JPA / Performance,232,Part D,NEW ✨ (pending),"How does Spring Boot automatically optimize JPA performance through features such as Connection Pooling, Batch Processing and Hibernate integration?"
2174,Theory,Persistence,Spring Data JPA / Queries,233,EXISTING TECHNICAL,EXISTING,Do you prefer custom queries or inbuilt queries?
2175,Theory,Persistence,Spring Data JPA / Queries,233,EXISTING TECHNICAL,EXISTING,Tell me a scenario where we must write custom queries and don't have an option for the default one.
2176,Theory,Persistence,Spring Data JPA / Queries,232,Part D,NEW ✨ (pending),How do you handle complex queries using Spring Data JPA?
2177,Theory,Persistence,Spring Data JPA / Queries,232,Part D,NEW ✨ (pending),How do you handle custom queries in repositories?
2178,Theory,Persistence,Spring Data JPA / Queries,233,Part B,NEW ✨ (pending),How would you handle custom query methods that are not provided by Spring Data?
2179,Theory,Persistence,Spring Transaction Management / JPA,179,Part B,NEW ✨ (pending),"In a @Transactional method, if you modify an Entity without calling save(), will the change persist?"
2180,Theory,Persistence,Stream API / Performance,236,Part D,NEW ✨ (pending),"Among traditional loops and Streams, which is faster?"
2181,Theory,Persistence,Stream API / Performance,236,Part D,NEW ✨ (pending),"You use map(), filter() and count() on a Stream expecting Lazy Evaluation, but it is slow. Why, and how can findFirst() help?"
2182,Theory,Persistence,Streams / Performance,236,Part D,NEW ✨ (pending),Which is faster: list.stream().filter().map().collect() or a traditional for loop?
2184,Theory,Persistence,String / Performance,4,EXISTING TECHNICAL,EXISTING,"A web server handles thousands of requests involving String manipulation. What would you choose among String, StringBuilder and StringBuffer, and which would perform better?"
2185,Job Experience,Persistence,Hibernate / Performance,235,EXPERIENCE ANCHOR,EXISTING ANCHOR,Have you ever encountered the N+1 Query Problem?
2186,Job Experience; Production,Persistence,Production Performance,236,EXPERIENCE ANCHOR,EXISTING ANCHOR,Your Spring Boot application is significantly slower in Production than in Development. How would you fix the problem?
2187,Job Experience,Persistence,Spring Boot / Database,237,EXPERIENCE ANCHOR,EXISTING ANCHOR,Have you connected any database to the Spring Boot application by your own?
2188,Theory,Persistence,Database / Performance,168,EXISTING TECHNICAL,EXISTING,You need to read two million rows from the database and write them to a file. A simple findAll() gives an OutOfMemoryError. What options could we use here?
2189,Theory,Persistence,HashMap / Performance,236,Part C,NEW ✨ (pending),You store one million entries in a HashMap and its performance suddenly drops. What could be the reasons?
2191,Coding,Persistence,Spring Data JPA / Performance,166,EXISTING TECHNICAL,EXISTING,Your Database contains millions of records and you need to fetch data efficiently. How would you implement this using Spring Data JPA?
2192,Theory,Security,Spring Security,238,EXISTING TECHNICAL,EXISTING,What is Spring Security?
2193,Theory,Security,Spring Security,246,EXISTING TECHNICAL,EXISTING,What is the default User/Password behavior when Spring Security is added without custom configuration?
2194,Theory,Security,Spring Boot / WebSocket Security,245,Part B,NEW ✨ (pending),Discuss the specific security challenges associated with using WebSocket in a Spring Boot application.
2197,Theory,Security,Spring Security,238,EXISTING TECHNICAL,EXISTING,What are authentication and authorization? What's the difference between authentication and authorization?
2201,Theory,Security,Spring Security,238,EXISTING TECHNICAL,EXISTING,"If you need to secure a REST API in a Spring Boot application, what security methods would you consider and why?"
2202,Theory,Security,Spring Security,239,EXISTING TECHNICAL,EXISTING,You have one API that should be publicly accessible and another endpoint that requires authentication. How do you configure this in Spring Security with Spring Boot?
2203,Theory,Security,Spring Security,238,EXISTING TECHNICAL,EXISTING,How does Spring Security handle authentication and authorization?
2204,Theory,Security,Spring Security,245,EXISTING TECHNICAL,EXISTING,How do you handle a scenario where you need to integrate multiple security providers within the same Spring Boot application?
2205,Theory,Security,Spring Security,238,EXISTING TECHNICAL,EXISTING,What options do we have for securing a REST API?
2206,Theory,Security,Spring Security,246,EXISTING TECHNICAL,EXISTING,Can you describe the Spring Security framework?
2207,Theory,Security,Spring Security,239,EXISTING TECHNICAL,EXISTING,How would you secure a REST API using Spring Security?
2208,Theory,Security,Spring Security,241,EXISTING TECHNICAL,EXISTING,How should we secure a REST API based on authentication and authorization?
2210,Theory,Security,Spring Security,240,EXISTING TECHNICAL,EXISTING,Do you know about annotations such as @PreAuthorize or @Secured?
2211,Theory,Security,Spring Security,240,EXISTING TECHNICAL,EXISTING,How do you secure REST APIs?
2214,Theory,Security,Spring Security,245,Part B,NEW ✨ (pending),"If someone wants to secure a REST API, what steps should they follow?"
2215,Theory,Security,Spring Security,238,EXISTING TECHNICAL,EXISTING,How does the Spring Security Filter Chain work?
2217,Theory,Security,Spring Security,240,EXISTING TECHNICAL,EXISTING,How is Method-Level Security different from Security implemented at the API level using Tokens?
2218,Theory,Security,Spring Security,241,EXISTING TECHNICAL,EXISTING,What is the difference between Roles and Authorities in Spring Security?
2219,Theory,Security,Spring Security,249,EXISTING TECHNICAL,EXISTING,What is the difference between OAuth and JWT?
2221,Theory,Security,Spring Security / Debugging,245,EXISTING TECHNICAL,EXISTING,"You configure Spring Security, but the Login Endpoint returns HTTP 403. What could be wrong?"
2223,Theory,Security,Spring Security / Method Security,244,EXISTING TECHNICAL,EXISTING,Do you know method-level security? How can we secure methods in a class?
2224,Coding,Security,Spring Security,245,EXISTING TECHNICAL,EXISTING,Let's say you want to implement method-level security in Spring Boot. What annotations and configurations are needed?
2225,Coding,Security,Spring Security / Auditing,245,Part B,NEW ✨ (pending),How would you implement a Secure Audit Trail in Spring Boot with User-Context Propagation?
2226,Job Experience,Security,Spring Security,238,EXPERIENCE ANCHOR,EXISTING ANCHOR,How do you ensure security in your Java application or Spring Boot application?
2227,Job Experience; Coding,Security,Spring Security,239,EXPERIENCE ANCHOR,EXISTING ANCHOR,"If you get a new project and are asked to implement security from scratch, how will you do it?"
2228,Job Experience,Security,Spring Security,240,EXPERIENCE ANCHOR,EXISTING ANCHOR,What approach do you take for securing REST endpoints?
2229,Job Experience,Security,Spring Security,241,EXPERIENCE ANCHOR,EXISTING ANCHOR,How are you guys securing REST APIs?
2231,Job Experience,Security,Spring Security,242,EXPERIENCE ANCHOR,EXISTING ANCHOR,"If you don't use JWT, OAuth2 or Bearer Tokens, how are you securing your application?"
2232,Job Experience,Security,Spring Security,243,EXPERIENCE ANCHOR,EXISTING ANCHOR,Have you created an Authorization Token in your project?
2233,Job Experience,Security,Spring Security,244,EXPERIENCE ANCHOR,EXISTING ANCHOR,How is Security implemented in your recent project?
2234,Job Experience,Security,Spring Security,245,EXPERIENCE ANCHOR,EXISTING ANCHOR,Have you used Security Filters in your Spring Boot application?
2235,Job Experience,Security,Spring Security,246,EXPERIENCE ANCHOR,EXISTING ANCHOR,Can you explain the real things you have built on top of Spring Security and how someone should leverage Spring Security?
2238,Theory,Security,Authentication / System Design,247,EXISTING TECHNICAL,EXISTING,How would you design an Authentication System where the User logs in using only a Contact Number and OTP?
2240,Theory,Security,JWT,243,EXISTING TECHNICAL,EXISTING,What details are present in a JWT token?
2241,Theory,Security,JWT,243,EXISTING TECHNICAL,EXISTING,Do you know about JWT?
2243,Theory,Security,JWT,245,Part B,NEW ✨ (pending),"What parameters would you encode and decode in a JWT, and on the basis of what parameters?"
2244,Theory,Security,JWT,245,Part B,NEW ✨ (pending),How does JWT work in your application?
2246,Theory,Security,JWT,243,EXISTING TECHNICAL,EXISTING,"A JWT contains Header, Payload and Signature. What exactly is the Signature?"
2247,Theory,Security,JWT / Authorization,221,EXISTING TECHNICAL,EXISTING,"When we call REST APIs, we pass a Bearer Token. Do you know about the Bearer Token?"
2249,Theory,Security,JWT / Authorization,241,EXISTING TECHNICAL,EXISTING,"What does the term Bearer mean, and why do we add the Bearer string before the token?"
2251,Theory,Security,Spring Security / JWT,243,EXISTING TECHNICAL,EXISTING,Do you know what an Authorization Token is?
2252,Theory,Security,Spring Security / OAuth2 / JWT,247,EXISTING TECHNICAL,EXISTING,What's the difference between OAuth 2 and JWT-based Authentication?
2253,Coding,Security,Spring Security / JWT,243,EXISTING TECHNICAL,EXISTING,How would you implement JWT authentication in a Spring Boot application from scratch?
2254,Job Experience,Security,Authentication / Spring Security,247,EXPERIENCE ANCHOR,EXISTING ANCHOR,Have you worked with any authentication system?
2255,Job Experience,Security,JWT,248,EXPERIENCE ANCHOR,EXISTING ANCHOR,"When hitting APIs through Postman, do you pass Bearer Tokens?"
2256,Job Experience,Security,OAuth2,249,EXPERIENCE ANCHOR,EXISTING ANCHOR,Have you implemented OAuth2 in your application?
2257,Job Experience,Security,OAuth2,250,EXPERIENCE ANCHOR,EXISTING ANCHOR,What challenges did you face during its implementation?
2258,Theory,Security,Application Security,238,EXISTING TECHNICAL,EXISTING,What are some common security pitfalls in web applications?
2259,Theory,Security,Security / Configuration,239,EXISTING TECHNICAL,EXISTING,You have sensitive configs such as DB passwords or API keys in application.properties or YAML. How would you secure them?
2260,Theory,Security,Security / Secrets,251,EXISTING TECHNICAL,EXISTING,How do you externalize Secrets such as Database Passwords in a Spring Boot application?
2261,Theory,Security,Security / Secrets,251,EXISTING TECHNICAL,EXISTING,How do you rotate Secrets without restarting the application?
2262,Theory,Security,Security / Sensitive Data,251,EXISTING TECHNICAL,EXISTING,Imagine you are developing a Spring Boot application that handles sensitive customer data. How would you securely manage and store this data?
2264,Job Experience,Security,Encryption,251,EXPERIENCE ANCHOR,EXISTING ANCHOR,Have you implemented any encryption or decryption algorithm?
2265,Job Experience; Coding,Security,Security,252,EXPERIENCE ANCHOR,EXISTING ANCHOR,What specific security measures did you implement in Health Connect to ensure data privacy?
2266,Job Experience,Security,Security,253,EXPERIENCE ANCHOR,EXISTING ANCHOR,"If a Security Breach occurs, what steps should be taken to handle it?"
2267,Job Experience,Security,Security,254,EXPERIENCE ANCHOR,EXISTING ANCHOR,"If a Security Breach occurs in an application, what steps should be taken?"
2268,Job Experience,Security,Security / Secrets,255,EXPERIENCE ANCHOR,EXISTING ANCHOR,"In your current project, how are you guys rotating secrets?"
2269,Job Experience,Security,Security / Secrets,256,EXPERIENCE ANCHOR,EXISTING ANCHOR,"Since data is very critical in financial services, how are you guys encrypting and managing secrets and PII?"
2270,Theory,Integration,Asynchronous Communication,228,EXISTING TECHNICAL,EXISTING,What is asynchronous communication?
2271,Theory,Integration,Kafka,257,EXISTING TECHNICAL,EXISTING,How can we integrate Kafka into a Spring Boot application?
2272,Theory,Integration,Kafka / Dead Letter Topic,257,EXISTING TECHNICAL,EXISTING,"One Kafka message keeps failing and the consumer retries it forever, blocking everything behind it. How would you handle such a message?"
2273,Theory,Integration,Kafka / Transactional Messaging,257,EXISTING TECHNICAL,EXISTING,Your service writes an order to the database and then publishes an event to Kafka. The database commit succeeds but Kafka publishing fails. How would you solve this problem?
2274,Coding,Integration,Asynchronous Messaging,258,EXISTING TECHNICAL,EXISTING,Can you describe a scenario where we can implement asynchronous messaging?
2277,Job Experience,Integration,Kafka,257,EXPERIENCE ANCHOR,EXISTING ANCHOR,Do you know about Kafka? Is Kafka used in your project?
2278,Job Experience,Integration,Kafka,258,EXPERIENCE ANCHOR,EXISTING ANCHOR,Can you tell me a few Kafka topics that you have implemented or used in your project?
2279,Job Experience,Integration,Kafka / Asynchronous Communication,259,EXPERIENCE ANCHOR,EXISTING ANCHOR,You said Microservices communicate using Kafka. Are those communications asynchronous?
2280,Job Experience,Integration,Messaging,260,EXPERIENCE ANCHOR,EXISTING ANCHOR,Are you using any messaging system?
2281,Job Experience,Integration,RabbitMQ,261,EXPERIENCE ANCHOR,EXISTING ANCHOR,Why did you choose RabbitMQ instead of another Messaging System?
2282,Job Experience,Integration,RabbitMQ,262,EXPERIENCE ANCHOR,EXISTING ANCHOR,Why did you choose RabbitMQ when other Messaging options were available?
2283,Theory,Microservices,Microservices,264,EXISTING TECHNICAL,EXISTING,What are the main advantages of using microservice architecture over monolithic architecture?
2285,Theory,Microservices,Microservices / Authentication,242,Part B,NEW ✨ (pending),Have you heard about token-based authentication in Microservices architecture?
2286,Theory,Microservices,Microservices / Design Patterns,263,Part B,NEW ✨ (pending),What is the Sidecar pattern? Have you heard about the Sidecar pattern?
2287,Theory,Microservices,Microservices / Outbox Pattern,258,EXISTING TECHNICAL,EXISTING,"What is the Outbox Pattern, and when would you use it in Microservices?"
2288,Theory,Microservices,Microservices / Pub-Sub,257,EXISTING TECHNICAL,EXISTING,What is the Pub-Sub pattern?
2289,Theory,Microservices,Monolith / Microservices,274,Part B,NEW ✨ (pending),Have you heard about Amazon Prime shifting from microservice architecture to monolithic architecture?
2291,Theory,Microservices,Testing / Microservices,105,EXISTING TECHNICAL,EXISTING,What is Contract Testing?
2292,Theory,Microservices,Exception Handling / Microservices,209,EXISTING TECHNICAL,EXISTING,You have a Service that calls three downstream Services and one fails unexpectedly. How would you wrap and send a meaningful Exception to the client?
2293,Theory,Microservices,File Handling / Microservices,263,EXISTING TECHNICAL,EXISTING,Your service handles 2 GB or 10 GB file uploads. Would you send those files directly between Microservices?
2295,Theory,Microservices,JWT / Microservices,249,EXISTING TECHNICAL,EXISTING,Let's say a JWT token expires midway through a Microservice call chain. How would you handle this scenario?
2297,Theory,Microservices,Logging / Microservices,289,EXISTING TECHNICAL,EXISTING,You want to create a shared logging configuration across multiple microservices. How would you do it in Spring Boot?
2298,Theory,Microservices,Microservices,266,EXISTING TECHNICAL,EXISTING,How would you call one service from another service in a microservice architecture?
2301,Theory,Microservices,Microservices,259,EXISTING TECHNICAL,EXISTING,Cannot our microservices communicate directly with APIs?
2302,Theory,Microservices,Microservices,264,EXISTING TECHNICAL,EXISTING,When should we choose microservice architecture?
2303,Theory,Microservices,Microservices,266,EXISTING TECHNICAL,EXISTING,How do you connect one microservice to another?
2306,Theory,Microservices,Microservices,264,EXISTING TECHNICAL,EXISTING,Is microservice architecture the best choice in every case?
2307,Theory,Microservices,Microservices,227,EXISTING TECHNICAL,EXISTING,Can you tell me the difference between Synchronous and Asynchronous Communication?
2308,Theory,Microservices,Microservices / Architecture,264,EXISTING TECHNICAL,EXISTING,Can you tell me a situation where adopting a microservice architecture might not be ideal?
2309,Theory,Microservices,Microservices / Architecture,264,EXISTING TECHNICAL,EXISTING,Tell me real use cases where microservices are best and where we should not use microservices.
2310,Theory,Microservices,Microservices / Asynchronous Communication,259,EXISTING TECHNICAL,EXISTING,What about asynchronous communication between microservices?
2312,Theory,Microservices,Microservices / CAP Theorem,263,EXISTING TECHNICAL,EXISTING,Do you know about the CAP Theorem in Microservices?
2313,Theory,Microservices,Microservices / Centralized Configuration,273,EXISTING TECHNICAL,EXISTING,"You have 10 Spring Boot microservices, and managing DB URLs, feature flags, and other configurations separately has become painful. How would you handle centralized configuration management?"
2314,Theory,Microservices,Microservices / CompletableFuture,270,EXISTING TECHNICAL,EXISTING,Let's say you need to call three Microservices in parallel and combine their results. How would you design that?
2316,Theory,Microservices,Microservices / Database,263,EXISTING TECHNICAL,EXISTING,"In a Microservices architecture, is it better to use one database for all Microservices or a separate database per Microservice?"
2317,Theory,Microservices,Microservices / Design Patterns,263,EXISTING TECHNICAL,EXISTING,Can you explain a few microservice design patterns that you are aware of?
2318,Theory,Microservices,Microservices / Design Patterns,263,Part B,NEW ✨ (pending),"In microservices, have you heard about the ACL or Anti-Corruption Layer pattern?"
2319,Theory,Microservices,Microservices / Failure Detection,263,EXISTING TECHNICAL,EXISTING,"If one Microservice crashes, how do the other services detect that failure?"
2321,Theory,Microservices,Microservices / Failure Handling,267,EXISTING TECHNICAL,EXISTING,"Let's say one of your Microservices is down, but other services depend on it. What should you do or what should happen?"
2322,Theory,Microservices,Microservices / Failure Handling,280,Part B,NEW ✨ (pending),"Order, Inventory, and Payment all succeed, but the Notification Service fails at the end. What would you do in this situation?"
2323,Theory,Microservices,Microservices / Fault Isolation,279,EXISTING TECHNICAL,EXISTING,"In an e-commerce system, the Payment Service is down. How would you design the system so that other Services such as Order Service still work smoothly?"
2324,Theory,Microservices,Microservices / Idempotency,258,EXISTING TECHNICAL,EXISTING,How do you ensure an Event is not processed twice in the Database?
2325,Theory,Microservices,Microservices / Load Balancing,276,EXISTING TECHNICAL,EXISTING,Do you know the difference between Client-Side and Server-Side Load Balancing?
2326,Theory,Microservices,Microservices / Performance,267,EXISTING TECHNICAL,EXISTING,"You have two Spring Boot microservices communicating via REST endpoints. One works fine, but one frequently times out under load. How would you handle this situation?"
2327,Theory,Microservices,Microservices / Performance,267,EXISTING TECHNICAL,EXISTING,One of your Microservices is responding very slowly and affecting the whole system. How would you diagnose and fix the issue?
2328,Theory,Microservices,Microservices / REST Clients,270,Part B,NEW ✨ (pending),When should you use Feign Client instead of RestTemplate?
2329,Theory,Microservices,Microservices / Scalability,265,EXISTING TECHNICAL,EXISTING,What's the difference between horizontal scaling and vertical scaling in microservices?
2330,Theory,Microservices,Microservices / Security,249,EXISTING TECHNICAL,EXISTING,How can you pass tokens securely between Microservices?
2331,Theory,Microservices,Microservices / Service Decomposition,268,EXISTING TECHNICAL,EXISTING,"Your team wants to split a Users microservice into Users and Auth, and both currently share the same database. How would you plan the split safely?"
2332,Theory,Microservices,Microservices / Shared Libraries,208,EXISTING TECHNICAL,EXISTING,Two Microservices need to share a common DTO. How would you handle its Versioning and Dependency Management?
2335,Theory,Microservices,Microservices / System Design,263,Part B,NEW ✨ (pending),"How would you design the checkout process for an e-commerce platform, including cart, payment, order, and inventory update, using Spring Boot microservices?"
2336,Theory,Microservices,Microservices / Timeout,263,EXISTING TECHNICAL,EXISTING,"Service A calls B and B calls C. A has a 2-second timeout, B has 5 seconds and C has 10 seconds. What is wrong with this timeout setup?"
2337,Theory,Microservices,Microservices Architecture,257,EXISTING TECHNICAL,EXISTING,When would you use Event-Driven Architecture instead of RESTful communication between Microservices?
2338,Theory,Microservices,Microservices Migration,268,EXISTING TECHNICAL,EXISTING,"If you were asked to migrate a Monolithic Application to Microservices, what would your initial steps be?"
2340,Theory,Microservices,Microservices Migration / System Design,98,EXISTING TECHNICAL,EXISTING,Let's say you have a monolithic application with no tests and poor documentation. How would you plan the migration to microservices?
2341,Theory,Microservices,Monolith / Microservices,264,EXISTING TECHNICAL,EXISTING,"Which is better according to you, monolithic or microservice architecture?"
2342,Theory,Microservices,Monolith / Microservices,274,Part B,NEW ✨ (pending),"Which one is better, monolithic or microservices?"
2344,Theory,Microservices,Monolith / Microservices,274,Part B,NEW ✨ (pending),"If a small-business client approaches you to start a project, what would you recommend: monolithic or microservices?"
2345,Theory,Microservices,Monolith / Microservices,274,EXISTING TECHNICAL,EXISTING,"If your Monolithic application is performing well, is it always a good idea to break it into Microservices?"
2346,Theory,Microservices,Monolith / Scalability,274,Part B,NEW ✨ (pending),What challenges would we be facing?
2347,Theory,Microservices,Spring Boot Actuator / Microservices,284,EXISTING TECHNICAL,EXISTING,How would you use Actuator in a microservice architecture for monitoring?
2348,Theory,Microservices,Spring Security / Microservices,277,EXISTING TECHNICAL,EXISTING,What is the difference between Gateway-Level Authorization and Service-Level Authorization?
2349,Theory,Microservices,System Design / Microservices,263,Part B,NEW ✨ (pending),How would you design the Checkout Process for an e-commerce platform using Spring Boot Microservices?
2350,Job Experience,Microservices,Microservices,263,EXPERIENCE ANCHOR,EXISTING ANCHOR,What are the main challenges in designing microservice-based applications?
2351,Job Experience,Microservices,Microservices,264,EXPERIENCE ANCHOR,EXISTING ANCHOR,Are you familiar with microservice architecture?
2352,Job Experience,Microservices,Microservices,265,EXPERIENCE ANCHOR,EXISTING ANCHOR,How many microservices do you have in your current project?
2353,Job Experience,Microservices,Microservices,266,EXPERIENCE ANCHOR,EXISTING ANCHOR,Can you please name those microservices?
2357,Job Experience,Microservices,Microservices,267,EXPERIENCE ANCHOR,EXISTING ANCHOR,Have you ever faced any challenges while working on a microservices-based project?
2358,Job Experience,Microservices,Microservices,268,EXPERIENCE ANCHOR,EXISTING ANCHOR,Can you tell me the names of the Microservices that you converted from the Monolithic application?
2359,Job Experience,Microservices,Microservices,269,EXPERIENCE ANCHOR,EXISTING ANCHOR,What challenges did your Team face while developing a Microservices Project from Scratch?
2360,Job Experience,Microservices,Microservices / Asynchronous Communication,270,EXPERIENCE ANCHOR,EXISTING ANCHOR,Are you using any asynchronous communication here?
2361,Job Experience,Microservices,Microservices / Database,271,EXPERIENCE ANCHOR,EXISTING ANCHOR,What was the actual issue or root cause of why the other microservices' data was not being stored when you were using a single database?
2362,Job Experience,Microservices,Microservices / Messaging,272,EXPERIENCE ANCHOR,EXISTING ANCHOR,Did you use any asynchronous communication pattern or message broker in your project?
2363,Job Experience,Microservices,Microservices Migration,273,EXPERIENCE ANCHOR,EXISTING ANCHOR,What challenges are you guys facing while converting this monolithic application to microservices?
2364,Job Experience,Microservices,Microservices Migration,274,EXPERIENCE ANCHOR,EXISTING ANCHOR,Did you guys migrate to microservices?
2367,Job Experience,Microservices,Microservices Migration,275,EXPERIENCE ANCHOR,EXISTING ANCHOR,Were you part of converting a Monolithic application to Microservices?
2369,Theory,Microservices,Monolith / Scalability,274,Part B,NEW ✨ (pending),Can we scale a monolithic application alone?
2370,Theory,Microservices,API Gateway / High Availability,276,EXISTING TECHNICAL,EXISTING,"What happens if the API Gateway itself fails, and how would you avoid it becoming a Single Point of Failure?"
2372,Theory,Microservices,Microservices / API Gateway,276,EXISTING TECHNICAL,EXISTING,"If an API Gateway goes down, how would you identify and resolve the issue?"
2373,Theory,Microservices,Microservices / API Gateway,276,EXISTING TECHNICAL,EXISTING,Can you give me an overview of an API Gateway?
2374,Theory,Microservices,Service Discovery / Eureka,276,EXISTING TECHNICAL,EXISTING,"Your Service is registered with Eureka, but Clients cannot discover it. What might be missing?"
2375,Job Experience,Microservices,API Gateway,276,EXPERIENCE ANCHOR,EXISTING ANCHOR,Which API Gateway are you using?
2376,Job Experience,Microservices,API Gateway,277,EXPERIENCE ANCHOR,EXISTING ANCHOR,Are you guys using an API Gateway?
2377,Job Experience,Microservices,Microservices / Service Discovery,278,EXPERIENCE ANCHOR,EXISTING ANCHOR,"As you mentioned Eureka and Zuul, can you describe how they increase the efficiency of microservice architecture?"
2378,Theory,Microservices,Microservices / Feign Client,270,Part B,NEW ✨ (pending),"Your Feign client has a 5-second timeout, but the downstream service responds in 6 seconds only on Tuesdays due to a batch job. What's the impact and how would you handle it?"
2379,Theory,Microservices,Microservices / Rate Limiting,276,Part B,NEW ✨ (pending),What is Rate Limiting?
2380,Theory,Microservices,Microservices / Retry,280,EXISTING TECHNICAL,EXISTING,What is Retry in Microservices?
2381,Theory,Microservices,Microservices / Circuit Breaker,280,EXISTING TECHNICAL,EXISTING,Explain how you would apply the Circuit Breaker pattern in a Spring Boot service.
2382,Theory,Microservices,Microservices / Circuit Breaker,280,EXISTING TECHNICAL,EXISTING,"You implemented a Circuit Breaker, the main method fails, and then the Fallback method itself also fails. What happens in this situation?"
2383,Theory,Microservices,Microservices / Circuit Breaker,280,EXISTING TECHNICAL,EXISTING,What configuration parameters need to be set before using a Circuit Breaker?
2384,Theory,Microservices,Microservices / Resilience,267,EXISTING TECHNICAL,EXISTING,"There are three services A, B and C chained together. C is slow, so users of A see high latency. What would happen and how would you fix it?"
2385,Theory,Microservices,Microservices / Resilience,279,EXISTING TECHNICAL,EXISTING,"In microservices architecture, what's the difference between fault tolerance and resilience?"
2386,Theory,Microservices,Microservices / Resilience,279,EXISTING TECHNICAL,EXISTING,Imagine a critical service fails because it cannot connect to the database. How would you ensure that the rest of your application remains functional?
2387,Theory,Microservices,Microservices / Resilience,279,EXISTING TECHNICAL,EXISTING,"Your Service calls Pricing, Inventory and Review Services to build a response. Inventory Service becomes randomly slow. How would you protect your APIs from degrading?"
2389,Theory,Microservices,Microservices / Retry,293,EXISTING TECHNICAL,EXISTING,How would you design the Notification Service while keeping in mind that this failure may happen in the future?
2390,Theory,Microservices,Microservices / Retry,209,EXISTING TECHNICAL,EXISTING,"When can Retry make things worse, or when should Retry not be used?"
2391,Theory,Microservices,Resilience,267,EXISTING TECHNICAL,EXISTING,"What's the difference between Retries, Fallbacks and Circuit Breakers?"
2392,Theory,Microservices,Spring Retry,280,Part B,NEW ✨ (pending),When would you use @Retryable annotation versus manual retry logic?
2393,Coding,Microservices,Rate Limiting,276,Part B,NEW ✨ (pending),You need to allow only 100 requests per second per user in a concurrent application. How would you implement it?
2394,Job Experience,Microservices,Microservices / Bulkhead,279,EXPERIENCE ANCHOR,EXISTING ANCHOR,"Have you worked with the Bulkhead Pattern, and if yes, can you explain it?"
2395,Job Experience,Microservices,Microservices / Resilience,280,EXPERIENCE ANCHOR,EXISTING ANCHOR,Have you used Resilience4j or Hystrix?
2396,Theory,Microservices,Resilience / Distributed Systems,280,Part B,NEW ✨ (pending),Can you explain how to design a fault-tolerant system using Java Exception Handling for a distributed system?
2397,Theory,Microservices,Microservices / Saga Pattern,281,EXISTING TECHNICAL,EXISTING,What is this Saga pattern?
2399,Theory,Microservices,Saga Pattern / Distributed Transactions,271,EXISTING TECHNICAL,EXISTING,"What is the Saga Pattern, and how is it different from Two-Phase Commit?"
2400,Theory,Microservices,Distributed Transactions / Saga,281,EXISTING TECHNICAL,EXISTING,How would you handle a scenario where a transaction needs to be rolled back due to an operation on a remote service failing?
2402,Theory,Microservices,Distributed Transactions / Saga Pattern,281,EXISTING TECHNICAL,EXISTING,We are transferring money from Account A to B. Money is debited from A but not credited to B. What will happen in this situation?
2404,Theory,Microservices,Saga Pattern,281,Part B,NEW ✨ (pending),Can you give a brief on the Saga design pattern?
2406,Theory,Microservices,Saga Pattern,281,EXISTING TECHNICAL,EXISTING,"In the Saga Pattern, what are Choreography and Orchestration?"
2407,Theory,Microservices,Saga Pattern,281,EXISTING TECHNICAL,EXISTING,"In an e-commerce application, Order and Inventory succeed but Payment fails at the end. What would you do in this situation using Microservices architecture?"
2408,Theory,Microservices,Saga Pattern / Distributed Transactions,281,Part B,NEW ✨ (pending),"There are multiple operations such as order placement and payment. How would you wrap all the transactions together, and what design pattern would you use?"
2409,Theory,Microservices,Saga Pattern / Failure Handling,281,EXISTING TECHNICAL,EXISTING,"Everything succeeds, including payment and order placement, but the final Notification Service fails. Should we revert payment, inventory and all previous transactions, or what is the best way to handle this?"
2410,Theory,Microservices,Saga Pattern / Microservices,292,EXISTING TECHNICAL,EXISTING,"In an e-commerce flow, if payment and inventory succeed but only email notification fails, should you use Saga compensation or retries instead?"
2412,Job Experience,Microservices,Distributed Transactions,281,EXPERIENCE ANCHOR,EXISTING ANCHOR,"Let's say there is a transaction from A to B. Some amount is deducted from A, but transferring it to B fails. How are you guys managing this?"
2413,Theory,Microservices,Distributed Transactions / Saga,281,Part B,NEW ✨ (pending),Have you heard about compensating transaction or distributed transaction patterns like Saga?
2414,Theory,Microservices,Microservices / Distributed Transactions,281,Part B,NEW ✨ (pending),What are the challenges with Distributed Transactions in a Microservices architecture?
2415,Theory,Distributed Systems,Redis / Thread Safety,286,Part B,NEW ✨ (pending),Is RedisTemplate Thread-Safe?
2416,Theory,Distributed Systems,Redis,286,Part B,NEW ✨ (pending),How does Redis work internally?
2418,Coding,Distributed Systems,Redis / Caching,286,Part B,NEW ✨ (pending),How can we implement Redis in our project?
2419,Theory,Distributed Systems,Microservices / Observability,283,EXISTING TECHNICAL,EXISTING,"What is a Zombie Service in Microservices, and how would you detect one?"
2420,Theory,Distributed Systems,Microservices / Observability,286,Part B,NEW ✨ (pending),"What are Zombie Services in Microservices, and how can you detect them?"
2421,Theory,Distributed Systems,Spring Boot Observability,282,EXISTING TECHNICAL,EXISTING,"What are Spring Boot Actuator and Micrometer, and how are they used together?"
2422,Theory,Distributed Systems,Logging / Monitoring,285,EXISTING TECHNICAL,EXISTING,The business team wants to know how many payment failures happened per hour and see them on a dashboard. What should we do?
2423,Theory,Distributed Systems,Microservices / Distributed Tracing,282,EXISTING TECHNICAL,EXISTING,You have five Microservices. How would you trace a Request across all five Microservices?
2424,Theory,Distributed Systems,Observability,282,EXISTING TECHNICAL,EXISTING,Which tools or Spring features would you use for Observability?
2425,Coding,Distributed Systems,Microservices / Distributed Tracing,282,EXISTING TECHNICAL,EXISTING,How would you implement request tracing across multiple microservices?
2426,Job Experience,Distributed Systems,Logging / Monitoring,282,EXPERIENCE ANCHOR,EXISTING ANCHOR,"Are you guys using any visualization tool, or have you used any tool personally?"
2427,Job Experience,Distributed Systems,Logging / Monitoring,283,EXPERIENCE ANCHOR,EXISTING ANCHOR,What log-visualization tools are you guys using or have experience with?
2428,Job Experience,Distributed Systems,Microservices / Monitoring,284,EXPERIENCE ANCHOR,EXISTING ANCHOR,How do you guys monitor and detect performance issues in a Microservices environment?
2429,Job Experience,Distributed Systems,Monitoring,285,EXPERIENCE ANCHOR,EXISTING ANCHOR,How are you guys monitoring the application?
2430,Job Experience,Distributed Systems,Monitoring,286,EXPERIENCE ANCHOR,EXISTING ANCHOR,Are you familiar with any specific tools or practices for monitoring?
2431,Job Experience,Distributed Systems,Monitoring / Dynatrace,287,EXPERIENCE ANCHOR,EXISTING ANCHOR,How can we integrate Dynatrace into our application?
2432,Job Experience; Production,Distributed Systems,Production Monitoring,288,EXPERIENCE ANCHOR,EXISTING ANCHOR,How do you monitor and manage a Spring Boot application after deploying it to Production?
2433,Job Experience,Distributed Systems,Splunk,289,EXPERIENCE ANCHOR,EXISTING ANCHOR,Do you know how to write queries in Splunk?
2434,Job Experience,Distributed Systems,Splunk,290,EXPERIENCE ANCHOR,EXISTING ANCHOR,You said we can modify the time zone in Splunk. How can we do that? Is there any option?
2435,Job Experience,Distributed Systems,Splunk,291,EXPERIENCE ANCHOR,EXISTING ANCHOR,What index name are you guys using in your current project?
2436,Theory,Distributed Systems,Microservices / Distributed Tracing,283,EXISTING TECHNICAL,EXISTING,Do you know how Distributed Tracing works in Microservices architecture?
2438,Theory,Distributed Systems,Email / System Design,292,EXISTING TECHNICAL,EXISTING,"If your application supports Email Attachments, how would you handle and restrict very large attachments?"
2439,Theory,Distributed Systems,Email Service / System Design,292,EXISTING TECHNICAL,EXISTING,"What Attachment Size Limit should an Email Service enforce, and how would you handle attachments that exceed it?"
2440,Theory,Distributed Systems,System Design / Email,292,EXISTING TECHNICAL,EXISTING,"How would you design an Email-Sending Service Class, including recipients, subject, body, and attachments?"
2442,Theory,Distributed Systems,System Design / Notification Service,292,EXISTING TECHNICAL,EXISTING,How would you architect a Notification Service from scratch?
2443,Theory,Distributed Systems,System Design / Notification Service,292,EXISTING TECHNICAL,EXISTING,"Would you use Queues or direct APIs in a Notification Service, and why?"
2444,Coding,Distributed Systems,Notification System,293,EXISTING TECHNICAL,EXISTING,How would you implement a notification system where an event in one part of the application needs to update users in real time?
2445,Job Experience,Distributed Systems,JavaMail,292,EXPERIENCE ANCHOR,EXISTING ANCHOR,Have you worked with Java email?
2446,Job Experience,Distributed Systems,Notification System,293,EXPERIENCE ANCHOR,EXISTING ANCHOR,Have you implemented any notification system in a Spring Boot application?
2447,Theory,DevOps & Cloud,CI/CD,103,EXISTING TECHNICAL,EXISTING,What are the key stages in a CI/CD pipeline for a Spring Boot project?
2448,Theory,DevOps & Cloud,CI/CD,296,EXISTING TECHNICAL,EXISTING,Do you know the difference between Continuous Delivery and Continuous Deployment?
2449,Theory,DevOps & Cloud,CI/CD / Secrets,124,EXISTING TECHNICAL,EXISTING,How would you securely store GitHub Secrets used by CI?
2450,Theory,DevOps & Cloud,CI/CD / Secrets,135,EXISTING TECHNICAL,EXISTING,You are asked to store GitHub Secrets securely for CI. What would be your approach?
2451,Theory,DevOps & Cloud,Deployment,298,EXISTING TECHNICAL,EXISTING,Do you know about Blue-Green deployment?
2452,Theory,DevOps & Cloud,Deployment,296,EXISTING TECHNICAL,EXISTING,What deployment strategies are you aware of?
2454,Theory,DevOps & Cloud,Deployment,298,EXISTING TECHNICAL,EXISTING,Do you know about the Canary Deployment Strategy?
2455,Theory,DevOps & Cloud,Java / Deployment Debugging,101,EXISTING TECHNICAL,EXISTING,Your Application works in the IDE but fails when executed using java -jar on the same machine. What would you investigate?
2456,Theory,DevOps & Cloud,JRE / Deployment,304,EXISTING TECHNICAL,EXISTING,"Can a Java application run without the user installing a JRE, for example by bundling a custom Runtime Image?"
2457,Theory,DevOps & Cloud,Servlet / Deployment,303,Part B,NEW ✨ (pending),How would you deploy a web application using a servlet container like Apache Tomcat or Jetty without Spring?
2459,Theory,DevOps & Cloud,Spring Boot / Deployment,101,EXISTING TECHNICAL,EXISTING,How would you package and run a Spring Boot application as a JAR?
2460,Theory,DevOps & Cloud,Spring Boot Deployment,119,EXISTING TECHNICAL,EXISTING,Can you deploy a Spring Boot application as a traditional WAR file to an external server?
2461,Theory,DevOps & Cloud,Spring Boot Deployment,119,EXISTING TECHNICAL,EXISTING,Can you tell me the difference between WAR and embedded containers?
2462,Theory,DevOps & Cloud,Spring Boot Deployment,119,EXISTING TECHNICAL,EXISTING,How does Spring Boot simplify the deployment of a web application?
2464,Theory,DevOps & Cloud,Testing / CI/CD,294,EXISTING TECHNICAL,EXISTING,A unit test fails only in the pipeline but passes locally. What are the possible causes?
2465,Coding,DevOps & Cloud,Deployment / Feature Rollout,298,EXISTING TECHNICAL,EXISTING,Your lead asks you to release a new feature to only 5% of users. How would you implement that rollout?
2467,Job Experience,DevOps & Cloud,CI/CD / Debugging,294,EXPERIENCE ANCHOR,EXISTING ANCHOR,"Your project works fine locally without any compilation or runtime error, but after pushing the code the pipeline fails. How would you analyze the issue and find the root cause?"
2468,Production,DevOps & Cloud,CI/CD / Production Debugging,237,EXISTING TECHNICAL,EXISTING,"Your CI/CD Pipeline passes, but the application crashes in Production. How would you investigate and fix it?"
2469,Production,DevOps & Cloud,CI/CD / Production Debugging,303,Part B,NEW ✨ (pending),"Your CI/CD Pipeline passes, but the Application crashes in Production. How would you troubleshoot and fix it?"
2470,Job Experience,DevOps & Cloud,CI/CD / Repository,295,EXPERIENCE ANCHOR,EXISTING ANCHOR,Same repository or separate one?
2471,Job Experience,DevOps & Cloud,CI/CD Pipeline,296,EXPERIENCE ANCHOR,EXISTING ANCHOR,"What's there in your pipeline? There must be a few steps in your pipeline, right?"
2472,Job Experience,DevOps & Cloud,Deployment,297,EXPERIENCE ANCHOR,EXISTING ANCHOR,What's the deployment mechanism in your project?
2473,Job Experience,DevOps & Cloud,Deployment,298,EXPERIENCE ANCHOR,EXISTING ANCHOR,"According to you, what would be the best deployment strategy?"
2474,Job Experience,DevOps & Cloud,Deployment,299,EXPERIENCE ANCHOR,EXISTING ANCHOR,What's your deployment strategy in your current project?
2475,Job Experience; Production,DevOps & Cloud,Deployment,300,EXPERIENCE ANCHOR,EXISTING ANCHOR,"Since you have a one-week Sprint, are Production releases also frequent?"
2476,Job Experience; Production,DevOps & Cloud,Deployment,301,EXPERIENCE ANCHOR,EXISTING ANCHOR,Are you merging your code yourself and moving those changes into Production?
2478,Job Experience,DevOps & Cloud,Deployment,302,EXPERIENCE ANCHOR,EXISTING ANCHOR,What is the deployment structure or deployment process in your project?
2479,Job Experience,DevOps & Cloud,Deployment / CI-CD,303,EXPERIENCE ANCHOR,EXISTING ANCHOR,How do you guys do deployments in your web applications? Tell me from scratch.
2480,Theory,DevOps & Cloud,Docker,304,EXISTING TECHNICAL,EXISTING,Have you heard about Dockerization?
2481,Theory,DevOps & Cloud,Docker,304,EXISTING TECHNICAL,EXISTING,How do you Dockerize a Spring Boot application and reduce its image size?
2482,Job Experience,DevOps & Cloud,Docker / Deployment,304,EXPERIENCE ANCHOR,EXISTING ANCHOR,Is there any role of Docker in deploying a Spring Boot application?
2483,Job Experience; Production,DevOps & Cloud,Spring Boot / Containerization,305,EXPERIENCE ANCHOR,EXISTING ANCHOR,How would you containerize a Spring Boot application for development and production environments?*
2484,Theory,DevOps & Cloud,Kubernetes / Deployment,385,EXISTING TECHNICAL,EXISTING,How would you perform Zero-Downtime Rolling Deployments for Microservices on Kubernetes?
2485,Theory,DevOps & Cloud,Spring Cloud / Microservices,278,EXISTING TECHNICAL,EXISTING,What is Spring Cloud and how is it useful for building microservices?
2486,Theory,DevOps & Cloud,Networking,303,Part B,NEW ✨ (pending),What is the difference between HTTP and HTTPS?
2487,Job Experience,DevOps & Cloud,AWS CloudWatch,306,EXPERIENCE ANCHOR,EXISTING ANCHOR,How does AWS CloudWatch work?
2488,Job Experience,DevOps & Cloud,Cloud Storage,307,EXPERIENCE ANCHOR,EXISTING ANCHOR,Are you storing the images somewhere like AWS or another external storage?
2489,Job Experience,DevOps & Cloud,Environment Management,308,EXPERIENCE ANCHOR,EXISTING ANCHOR,"Two Features need UAT at the same time, but your project has only one UAT Environment. How would you manage them?"
2490,Production,DevOps & Cloud,Environment Management,308,EXISTING TECHNICAL,EXISTING,Should UAT and Production use the same Database?
2491,Job Experience,DevOps & Cloud,Environments,309,EXPERIENCE ANCHOR,EXISTING ANCHOR,"How many environments do you currently have, such as Dev, Prod or QA?"
2492,Job Experience,DevOps & Cloud,Spring Profiles / Environments,310,EXPERIENCE ANCHOR,EXISTING ANCHOR,"When you push your code, you must add configuration files like application.yml or properties files, right? Is that Dev environment or what? Do you know about environments?"
2493,Production,DevOps & Cloud,Spring Profiles / Environments,304,EXISTING TECHNICAL,EXISTING,"How would you create different environments like production, development, and testing environments?"
2494,Job Experience,Production Engineering,Caching,311,EXPERIENCE ANCHOR,EXISTING ANCHOR,What cache are you using?
2495,Job Experience,Production Engineering,Caching,312,EXPERIENCE ANCHOR,EXISTING ANCHOR,Have you used caching in your application?
2496,Job Experience,Production Engineering,Caching,313,EXPERIENCE ANCHOR,EXISTING ANCHOR,Have you worked with Caching?
2497,Job Experience,Production Engineering,Caching,314,EXPERIENCE ANCHOR,EXISTING ANCHOR,Have you implemented an LRU Cache?
2499,Theory,Production Engineering,Caching,184,EXISTING TECHNICAL,EXISTING,How would you handle Cache Invalidation when the underlying Data changes?
2500,Theory,Production Engineering,Integer Caching / Equality,10,EXISTING TECHNICAL,EXISTING,"Let's say Integer A = 127 and Integer B = 127. If you do A == B, will it return true or false?"
2501,Theory,Production Engineering,Integer Caching / Equality,10,EXISTING TECHNICAL,EXISTING,"If Integer C = 128 and Integer D = 128, will C == D print true or false?"
2502,Theory,Production Engineering,Scalability,138,EXISTING TECHNICAL,EXISTING,"Whatever you said is for maintainability, but what about scalability?"
2503,Theory,Production Engineering,Scalability / Maintainability,136,EXISTING TECHNICAL,EXISTING,How do you ensure your Java applications are scalable and maintainable?
2504,Theory,Production Engineering,Spring Boot / Performance,316,Part B,NEW ✨ (pending),Are there any performance implications when adding Spring Boot to an existing non-Spring application?
2507,Theory,Production Engineering,Spring Boot / Scalability,316,EXISTING TECHNICAL,EXISTING,Your Spring Boot application suddenly needs to support twice the user load it was originally designed for. What immediate steps would you take to handle the increased load?
2508,Theory,Production Engineering,Spring Boot / Startup Performance,317,EXISTING TECHNICAL,EXISTING,Your Spring Boot application starts very slowly. How would you identify what is slowing down the startup?
2509,Theory,Production Engineering,Spring Boot / Startup Performance,318,EXISTING TECHNICAL,EXISTING,A Spring Boot application takes more than 30 seconds to start. How would you diagnose and optimize the startup time?
2511,Job Experience; Production,Production Engineering,Spring Boot Performance,315,EXPERIENCE ANCHOR,EXISTING ANCHOR,You observe that a Spring Boot application performs slower in the production environment compared to the development setup. What steps would you take to address this issue?
2512,Job Experience,Production Engineering,Spring Boot Performance,316,EXPERIENCE ANCHOR,EXISTING ANCHOR,Describe a Spring Boot project where you significantly improved performance. What techniques did you use?
2513,Job Experience; Production,Production Engineering,Spring Boot Performance,317,EXPERIENCE ANCHOR,EXISTING ANCHOR,Let's say you observe your application is slower in the production environment but it's good in the development environment. How would you fix this issue?
2514,Theory,Production Engineering,Spring Boot Performance,315,EXISTING TECHNICAL,EXISTING,Let's say your Spring Boot application is experiencing performance issues under high load. What steps would you take to identify and address the performance issue?
2515,Job Experience; Production,Production Engineering,Spring Boot Performance,318,EXPERIENCE ANCHOR,EXISTING ANCHOR,A Spring Boot application is significantly slower in production than in the development environment. How would you fix the problem and what steps would you take?
2518,Theory,Production Engineering,Spring Boot Performance,318,EXISTING TECHNICAL,EXISTING,Let's say your application starts very slowly. How would you debug startup performance issues in Spring Boot?
2520,Theory,Production Engineering,Spring Boot Performance,316,Part B,NEW ✨ (pending),How would the use of Spring affect the performance of an application during high load?
2521,Theory,Production Engineering,Spring Boot Scalability,315,EXISTING TECHNICAL,EXISTING,"If you had to scale a Spring Boot application to handle high traffic, what strategy would you use?"
2522,Production,Production Engineering,CORS / Debugging,316,Part B,NEW ✨ (pending),Your Frontend still gets a CORS Error even though you added @CrossOrigin. What else could be missing?
2523,Job Experience; Production,Production Engineering,Debugging,319,EXPERIENCE ANCHOR,EXISTING ANCHOR,How are you approaching resolving bugs in your current project?
2524,Job Experience; Production,Production Engineering,OutOfMemoryError,320,EXPERIENCE ANCHOR,EXISTING ANCHOR,Have you ever faced an OutOfMemoryError in Production in your career?
2525,Job Experience; Production,Production Engineering,Production Debugging,321,EXPERIENCE ANCHOR,EXISTING ANCHOR,"Tell me about a Production issue you faced. How did you debug and resolve it, and how did you ensure it would not happen again?"
2526,Production,Production Engineering,Production Debugging,109,EXISTING TECHNICAL,EXISTING,A critical Production bug is significantly affecting users but is difficult to reproduce in Development. How would you diagnose and fix it while minimizing downtime?
2527,Job Experience; Production,Production Engineering,Production Issue,322,EXPERIENCE ANCHOR,EXISTING ANCHOR,"You successfully tested a feature locally and in the Dev environment, but when you release it to production you face an issue. How do you handle this?"
2528,Job Experience; Production,Production Engineering,Production Issues,323,EXPERIENCE ANCHOR,EXISTING ANCHOR,Did you face API failure issues during your career?
2529,Job Experience; Production,Production Engineering,Production Practices,324,EXPERIENCE ANCHOR,EXISTING ANCHOR,What are some common Production-level practices in Spring Boot or in a project that we should follow?
2530,Production,Production Engineering,Database / Failure Handling,156,EXISTING TECHNICAL,EXISTING,What happens in your application if the database is down or unavailable?
2531,Production,Production Engineering,Database / Failure Handling,158,EXISTING TECHNICAL,EXISTING,"Your application is starting while the database is down. Should the application come up or fail, and how would you handle this situation?"
2532,Job Experience,System Design,Application Architecture,325,EXPERIENCE ANCHOR,EXISTING ANCHOR,Is this a microservice-based or monolithic application?
2533,Job Experience,System Design,Architecture,326,EXPERIENCE ANCHOR,EXISTING ANCHOR,Are you currently working on a microservices project or a monolithic project?
2534,Job Experience,System Design,Architecture,327,EXPERIENCE ANCHOR,EXISTING ANCHOR,"Which architecture was used, monolithic or microservices?"
2535,Theory,System Design,Architecture,327,EXISTING TECHNICAL,EXISTING,What is Service-Oriented Architecture?
2536,Theory,System Design,Caching / System Design,312,EXISTING TECHNICAL,EXISTING,How would you design a Caching Layer for a Stock Price API?
2537,Coding,System Design,Distributed Locking,263,Part B,NEW ✨ (pending),How would you implement distributed locking in Spring Boot?
2538,Theory,System Design,Event-Driven Architecture,329,EXISTING TECHNICAL,EXISTING,How does Spring Boot handle event-driven programming?
2539,Theory,System Design,Event-Driven Architecture,263,Part B,NEW ✨ (pending),"In an e-commerce application, when an order is placed you also need to send a notification, update a search index and write an audit entry. You don't want all that code inside the Order Service method. How would you decouple it inside the same application?"
2540,Job Experience,System Design,File Storage,328,EXPERIENCE ANCHOR,EXISTING ANCHOR,Where are you guys saving images in your project?
2541,Theory,System Design,File Storage / System Design,307,EXISTING TECHNICAL,EXISTING,"For uploaded Images, would you store the Binary Image in the Database or store it in Cloud Storage and keep only the URL in the Database?"
2543,Theory,System Design,File Upload / System Design,307,EXISTING TECHNICAL,EXISTING,How would you design an API to Upload Files and Scan them for Viruses Asynchronously?
2544,Theory,System Design,High Availability / System Design,324,EXISTING TECHNICAL,EXISTING,"If you were tasked with ensuring high availability for a Spring Boot e-commerce application during peak times, what architectural decisions would you make?"
2546,Theory,System Design,Scalability / System Design,263,Part B,NEW ✨ (pending),How would you design a system to handle 100x traffic spikes?
2547,Theory,System Design,Spring Boot / Serverless Architecture,263,Part C,NEW ✨ (pending),How would you modify an existing Spring Boot application to convert it into a serverless architecture?
2550,Theory,System Design,System Design,263,Part C,NEW ✨ (pending),"If a client asks you to design a food delivery app from scratch, how would you design it?"
2551,Theory,System Design,System Design,263,Part C,NEW ✨ (pending),Let's say you are asked to design a URL Shortening Service. How would you do that?
2552,Theory,System Design,System Design,263,Part C,NEW ✨ (pending),You need to design a URL Shortener like Bitly. How would you approach it?
2553,Theory,System Design,System Design / Bulk Processing,340,EXISTING TECHNICAL,EXISTING,How would you design Bulk Data Processing efficiently?
2554,Job Experience,System Design,System Design / Insurance,329,EXPERIENCE ANCHOR,EXISTING ANCHOR,How would a User receive Real-Time Updates about the current status of an Insurance Claim?
2555,Theory,System Design,System Design / Real-Time Processing,329,EXISTING TECHNICAL,EXISTING,How would you design a Real-Time Stock Market Feed Processing System?
2556,Job Experience,Platform Evolution,Jakarta Migration,330,EXPERIENCE ANCHOR,EXISTING ANCHOR,Have you worked with Jakarta dependencies?
2557,Job Experience,Platform Evolution,Java / Jakarta Migration,331,EXPERIENCE ANCHOR,EXISTING ANCHOR,"Have you migrated javax to Jakarta, or was it already migrated?"
2558,Job Experience,Platform Evolution,Java Migration,332,EXPERIENCE ANCHOR,EXISTING ANCHOR,Are you facing any challenges during the migration?
2560,Job Experience,Platform Evolution,Java Migration,333,EXPERIENCE ANCHOR,EXISTING ANCHOR,Did you face any challenges while migrating from Java 8 to Java 17? Tell me one or two specific challenges you faced.
2561,Job Experience,Platform Evolution,Java Migration,334,EXPERIENCE ANCHOR,EXISTING ANCHOR,How did you handle the time challenge during the Java migration?
2562,Job Experience,Platform Evolution,Javax / Jakarta,335,EXPERIENCE ANCHOR,EXISTING ANCHOR,Are you guys using javax dependencies?
2563,Theory,Emerging Tech,AI,336,EXISTING TECHNICAL,EXISTING,Do you know about AI Agents and AI-related concepts?
2564,Theory,Emerging Tech,Spring AI,336,EXISTING TECHNICAL,EXISTING,What important features does Spring AI provide?
2566,Theory,Emerging Tech,Spring AI,336,EXISTING TECHNICAL,EXISTING,What Dependencies are required when adding Spring AI and an LLM to a project?
2568,Theory,Emerging Tech,Spring AI / LLM,336,EXISTING TECHNICAL,EXISTING,What is the difference between Spring AI and an LLM such as OpenAI?
2570,Job Experience,Emerging Tech,AI,336,EXPERIENCE ANCHOR,EXISTING ANCHOR,"Are you using any AI in your project, such as GitHub Copilot, Spring AI, or another tool?"
2572,Job Experience,Emerging Tech,AI,337,EXPERIENCE ANCHOR,EXISTING ANCHOR,"Are you using AI tools to optimize performance, or how much AI are you guys using?"
2573,Job Experience,Emerging Tech,AI,338,EXPERIENCE ANCHOR,EXISTING ANCHOR,Do you have any AI integration in your project?
2574,Job Experience,Interview Experience,Feature Ownership,339,EXPERIENCE ANCHOR,EXISTING ANCHOR,Are you leading any feature as of now?
2575,Job Experience,Interview Experience,Project Architecture,340,EXPERIENCE ANCHOR,EXISTING ANCHOR,What type of application was it?
2576,Job Experience,Interview Experience,Project Experience,341,EXPERIENCE ANCHOR,EXISTING ANCHOR,Can you tell me about the projects where you applied these frameworks?
2577,Job Experience,Interview Experience,Project Experience,342,EXPERIENCE ANCHOR,EXISTING ANCHOR,Can you tell me about your recent project you have worked on?
2578,Job Experience,Interview Experience,Project Experience,343,EXPERIENCE ANCHOR,EXISTING ANCHOR,Is it for a client or an internal project?
2579,Job Experience,Interview Experience,Project Experience,344,EXPERIENCE ANCHOR,EXISTING ANCHOR,Can you describe the most recent project you worked on using Spring Boot?
2580,Job Experience,Interview Experience,Project Experience,345,EXPERIENCE ANCHOR,EXISTING ANCHOR,Is this related to your recent project or some different project?
2584,Job Experience,Interview Experience,Project Experience / Roles,346,EXPERIENCE ANCHOR,EXISTING ANCHOR,Can you please let me know what kind of projects you have worked on and explain the roles that you are dealing with?
2585,Job Experience,Interview Experience,Project Feature,347,EXPERIENCE ANCHOR,EXISTING ANCHOR,"What was the complex thing you built in this project, like the complex feature or changes?"
2586,Job Experience,Interview Experience,Project Introduction,348,EXPERIENCE ANCHOR,EXISTING ANCHOR,Can you please explain your recent project and also introduce yourself?
2624,Job Experience,Interview Experience,Project Introduction,349,EXPERIENCE ANCHOR,EXISTING ANCHOR,Could you tell me about yourself and your experience in Java development?
2627,Job Experience,Interview Experience,Project Introduction,350,EXPERIENCE ANCHOR,EXISTING ANCHOR,Can you please tell me about yourself and your recent project?
2630,Job Experience,Interview Experience,Project Introduction,351,EXPERIENCE ANCHOR,EXISTING ANCHOR,Could you please tell me about yourself in brief?
2631,Job Experience,Interview Experience,Project Technology,352,EXPERIENCE ANCHOR,EXISTING ANCHOR,Is your project based on Spring Boot?
2632,Job Experience,Interview Experience,Roles & Responsibilities,353,EXPERIENCE ANCHOR,EXISTING ANCHOR,What's your day-to-day responsibilities there?
2633,Job Experience,Interview Experience,Roles & Responsibilities,354,EXPERIENCE ANCHOR,EXISTING ANCHOR,What's your day-to-day task?
2635,Job Experience,Interview Experience,Roles & Responsibilities,355,EXPERIENCE ANCHOR,EXISTING ANCHOR,What was your role?
2636,Job Experience,Interview Experience,Agile,356,EXPERIENCE ANCHOR,EXISTING ANCHOR,"What are the benefits of Agile, and why don't we generally use the Waterfall Model nowadays?"
2637,Job Experience,Interview Experience,Agile / Sprint Planning,357,EXPERIENCE ANCHOR,EXISTING ANCHOR,How do you plan Sprint Estimation?
2639,Job Experience,Interview Experience,Agile / Waterfall,358,EXPERIENCE ANCHOR,EXISTING ANCHOR,What's the difference between Waterfall model and Agile?
2640,Job Experience,Interview Experience,Agile,359,EXPERIENCE ANCHOR,EXISTING ANCHOR,"As you said the project is based on Agile methodology, can you tell me its benefits?"
2641,Job Experience,Interview Experience,Agile,360,EXPERIENCE ANCHOR,EXISTING ANCHOR,"What was the project model? Were you using Waterfall, Agile, or another model?"
2642,Job Experience,Interview Experience,Agile,361,EXPERIENCE ANCHOR,EXISTING ANCHOR,What's the Sprint Planning or Sprint structure in your project?
2643,Job Experience,Interview Experience,Code Review,362,EXPERIENCE ANCHOR,EXISTING ANCHOR,Who reviews your code?
2645,Job Experience,Interview Experience,Code Review / Team Collaboration,363,EXPERIENCE ANCHOR,EXISTING ANCHOR,"How do you review their code, how do you collaborate with your junior developers, and how do you work as a team?"
2646,Job Experience,Interview Experience,Jira,364,EXPERIENCE ANCHOR,EXISTING ANCHOR,Where are you guys tracking the team efforts?
2647,Job Experience,Interview Experience,Leadership,365,EXPERIENCE ANCHOR,EXISTING ANCHOR,"As a five-year experienced Developer, how do you monitor Junior Developers in your team?"
2648,Job Experience; Behavioral,Interview Experience,Behavioral,366,EXPERIENCE ANCHOR,EXISTING ANCHOR,"What is more important, perfect code or on-time delivery?"
2649,Job Experience; Behavioral,Interview Experience,Behavioral,367,EXPERIENCE ANCHOR,EXISTING ANCHOR,"Have you ever faced a challenge while working with your team where a deadline was coming but your team was not able to produce the work and you had issues with your client? If yes, how did you overcome it?"
2650,Job Experience; Behavioral,Interview Experience,Behavioral,368,EXPERIENCE ANCHOR,EXISTING ANCHOR,Are you a good Team Leader or a good Developer?
2651,Job Experience; Behavioral,Interview Experience,Behavioral,369,EXPERIENCE ANCHOR,EXISTING ANCHOR,"How would you rate yourself out of 10 as a Java Spring Boot Developer, and why are you deducting the remaining points?"
2652,Job Experience; Behavioral,Interview Experience,Behavioral,370,EXPERIENCE ANCHOR,EXISTING ANCHOR,What latest technologies do you think you still need to learn?
2653,Job Experience; Behavioral,Interview Experience,Behavioral,371,EXPERIENCE ANCHOR,EXISTING ANCHOR,Tell me about a time when you had to take ownership of a failing module or a conflict in the team.
2654,Job Experience; Behavioral,Interview Experience,Behavioral,372,EXPERIENCE ANCHOR,EXISTING ANCHOR,"How did you tackle that failing module or team conflict, and how did you resolve it?"
2655,Job Experience; Behavioral,Interview Experience,Behavioral,373,EXPERIENCE ANCHOR,EXISTING ANCHOR,"You join an organization in a Senior role. What value will you add in the next 90 days? Explain what you would do in the first 30 days, next 30 days, and final 30 days."
2656,Job Experience; Behavioral,Interview Experience,Behavioral,374,EXPERIENCE ANCHOR,EXISTING ANCHOR,Can you give an example where your Mentorship or Leadership helped solve a technical or process issue?
2657,Job Experience; Behavioral,Interview Experience,Behavioral,375,EXPERIENCE ANCHOR,EXISTING ANCHOR,"Your Manager gives you a tight deadline for a feature, but you know it can compromise code quality. How would you approach this situation?"
2658,Job Experience; Behavioral,Interview Experience,Behavioral,376,EXPERIENCE ANCHOR,EXISTING ANCHOR,How do you handle disagreements during Code Reviews when you believe your implementation is correct but the reviewer disagrees?
2659,Job Experience; Production; Behavioral,Interview Experience,Behavioral,377,EXPERIENCE ANCHOR,EXISTING ANCHOR,A Junior Developer's feature causes a Priority-1 Production issue that must be fixed within a day. Would you guide the Junior to fix it or take ownership and fix it yourself?
2660,Job Experience; Production; Behavioral,Interview Experience,Behavioral,378,EXPERIENCE ANCHOR,EXISTING ANCHOR,"A Fresher makes a mistake just before Production deployment and only 5–10 minutes remain. What would you do, and what advice would you give that Developer afterward?"
2661,Theory,Java Fundamentals,Control Flow,8,Part B,NEW ✨ (pending),"What is the difference between if, if-else, and an if-else-if ladder in Java?"
2662,Theory,Java Fundamentals,Control Flow,8,Part B,NEW ✨ (pending),How does a switch statement work in Java?
2663,Theory,Java Fundamentals,Control Flow,8,Part B,NEW ✨ (pending),What data types can be used in a traditional switch statement?
2664,Theory,Java Fundamentals,Control Flow,8,Part C,NEW ✨ (pending),"What is fall-through in a switch statement, and when can it happen?"
2665,Theory,Java Fundamentals,Control Flow,8,Part C,NEW ✨ (pending),Why is break commonly used inside a traditional switch statement?
2666,Theory,Java Fundamentals,Control Flow,8,Part C,NEW ✨ (pending),What is the difference between a for loop and a while loop?
2667,Theory,Java Fundamentals,Control Flow,8,Part C,NEW ✨ (pending),What is the difference between a while loop and a do-while loop?
2668,Theory,Java Fundamentals,Control Flow,8,Part C,NEW ✨ (pending),When would you choose an enhanced for loop over a traditional for loop?
2669,Theory,Java Fundamentals,Control Flow,8,Part C,NEW ✨ (pending),What are the limitations of the enhanced for loop?
2670,Theory,Java Fundamentals,Control Flow,8,Part C,NEW ✨ (pending),What does the break statement do inside a loop?
2671,Theory,Java Fundamentals,Control Flow,8,Part D,NEW ✨ (pending),What does the continue statement do inside a loop?
2672,Theory,Java Fundamentals,Control Flow,8,Part D,NEW ✨ (pending),What are labeled break and labeled continue in Java?
2673,Theory,Java Fundamentals,Control Flow,8,Part D,NEW ✨ (pending),"Can a loop run forever in Java, and what are common ways this happens?"
2674,Theory,Java Fundamentals,Control Flow,8,Part D,NEW ✨ (pending),How do nested loops execute in Java?
2675,Theory,Java Fundamentals,Control Flow,8,Part D,NEW ✨ (pending),What happens when return is executed inside a loop?
2676,Theory,Java Fundamentals,Control Flow,8,Part D,NEW ✨ (pending),Can a switch be nested inside another switch or loop?
2677,Theory,Java Fundamentals,Control Flow,8,Part D,NEW ✨ (pending),"What is unreachable code in Java, and when does the compiler reject it?"
2678,Theory,Java Fundamentals,Control Flow,8,Part E,NEW ✨ (pending),What is the scope of a variable declared inside a loop or conditional block?
2679,Theory,Java Fundamentals,Control Flow,8,Part E,NEW ✨ (pending),How does Java evaluate chained if-else conditions?
2680,Theory,Java Fundamentals,Control Flow,8,Part E,NEW ✨ (pending),What is the difference between a statement and a block in Java?
2681,Theory,Java Fundamentals,"Operators, Casting & Promotion",10,Part B,NEW ✨ (pending),What is the difference between && and & when used with boolean expressions?
2682,Theory,Java Fundamentals,"Operators, Casting & Promotion",10,Part B,NEW ✨ (pending),What is the difference between || and | when used with boolean expressions?
2683,Theory,Java Fundamentals,"Operators, Casting & Promotion",5,Part E,NEW ✨ (pending),What is short-circuit evaluation in Java?
2684,Theory,Java Fundamentals,"Operators, Casting & Promotion",10,Part B,NEW ✨ (pending),What are the arithmetic operators available in Java?
2685,Theory,Java Fundamentals,"Operators, Casting & Promotion",10,Part B,NEW ✨ (pending),What are the relational operators available in Java?
2686,Theory,Java Fundamentals,"Operators, Casting & Promotion",10,Part B,NEW ✨ (pending),What are the logical operators available in Java?
2687,Theory,Java Fundamentals,"Operators, Casting & Promotion",10,Part B,NEW ✨ (pending),What are the bitwise operators available in Java?
2688,Theory,Java Fundamentals,"Operators, Casting & Promotion",10,Part C,NEW ✨ (pending),"What do the left-shift, signed right-shift, and unsigned right-shift operators do?"
2689,Theory,Java Fundamentals,"Operators, Casting & Promotion",10,Part C,NEW ✨ (pending),"What is the ternary operator, and when would you use it?"
2690,Theory,Java Fundamentals,"Operators, Casting & Promotion",10,Part C,NEW ✨ (pending),What is operator precedence in Java?
2691,Theory,Java Fundamentals,"Operators, Casting & Promotion",5,Part E,NEW ✨ (pending),How does associativity affect evaluation of Java expressions?
2692,Theory,Java Fundamentals,"Operators, Casting & Promotion",5,Part E,NEW ✨ (pending),What is the difference between prefix increment and postfix increment?
2693,Theory,Java Fundamentals,"Operators, Casting & Promotion",5,Part E,NEW ✨ (pending),What is the difference between prefix decrement and postfix decrement?
2694,Theory,Java Fundamentals,"Operators, Casting & Promotion",5,Part E,NEW ✨ (pending),What happens when an integer arithmetic operation overflows in Java?
2695,Theory,Java Fundamentals,"Operators, Casting & Promotion",5,Part E,NEW ✨ (pending),What is numeric promotion in Java expressions?
2696,Theory,Java Fundamentals,"Operators, Casting & Promotion",5,Part E,NEW ✨ (pending),What is widening primitive conversion?
2697,Theory,Java Fundamentals,"Operators, Casting & Promotion",5,Part F,NEW ✨ (pending),What is narrowing primitive conversion?
2698,Theory,Java Fundamentals,"Operators, Casting & Promotion",5,Part F,NEW ✨ (pending),When is an explicit cast required in Java?
2699,Theory,Java Fundamentals,"Operators, Casting & Promotion",5,Part F,NEW ✨ (pending),What happens when a narrowing cast loses information?
2700,Theory,Java Fundamentals,"Operators, Casting & Promotion",5,Part F,NEW ✨ (pending),What is variable shadowing in Java?
2701,Theory,Java Fundamentals,"Operators, Casting & Promotion",5,Part F,NEW ✨ (pending),"What is the difference between local, instance, and static variable scope?"
2702,Theory,Java Fundamentals,"Operators, Casting & Promotion",5,Part F,NEW ✨ (pending),"What are Java literals, and what kinds of literals does Java support?"
2703,Theory,Java Fundamentals,"Operators, Casting & Promotion",5,Part F,NEW ✨ (pending),"How do binary, octal, hexadecimal, and decimal integer literals work in Java?"
2704,Theory,Java Fundamentals,"Operators, Casting & Promotion",5,Part G,NEW ✨ (pending),"What are numeric literal underscores, and where are they allowed?"
2705,Theory,Java Fundamentals,"Operators, Casting & Promotion",10,Part C,NEW ✨ (pending),What is the difference between == for primitive values and == for object references?
2706,Theory,Java Fundamentals,Methods / Arrays / Enums,8,Part E,NEW ✨ (pending),What makes up a Java method signature?
2707,Theory,Java Fundamentals,Methods / Arrays / Enums,8,Part E,NEW ✨ (pending),Can two methods differ only by return type and still be overloaded?
2708,Theory,Java Fundamentals,Methods / Arrays / Enums,8,Part E,NEW ✨ (pending),"What are varargs in Java, and how are they declared?"
2709,Theory,Java Fundamentals,Methods / Arrays / Enums,8,Part E,NEW ✨ (pending),How are varargs represented inside a method?
2710,Theory,Java Fundamentals,Methods / Arrays / Enums,8,Part F,NEW ✨ (pending),Can a method have parameters after a varargs parameter?
2711,Theory,Java Fundamentals,Methods / Arrays / Enums,8,Part F,NEW ✨ (pending),How does Java choose between overloaded methods when varargs are involved?
2712,Theory,Java Fundamentals,Methods / Arrays / Enums,8,Part F,NEW ✨ (pending),Does Java pass objects by reference or pass references by value?
2713,Theory,Java Fundamentals,Methods / Arrays / Enums,8,Part F,NEW ✨ (pending),What happens when a method reassigns an object parameter?
2714,Theory,Java Fundamentals,Methods / Arrays / Enums,8,Part F,NEW ✨ (pending),What happens when a method mutates an object received as a parameter?
2715,Theory,Java Fundamentals,Methods / Arrays / Enums,8,Part F,NEW ✨ (pending),"What is recursion, and what is a base case?"
2716,Theory,Java Fundamentals,Methods / Arrays / Enums,29,Part B,NEW ✨ (pending),What is array covariance in Java?
2717,Theory,Java Fundamentals,Methods / Arrays / Enums,29,Part C,NEW ✨ (pending),Why can array covariance lead to ArrayStoreException?
2718,Theory,Java Fundamentals,Methods / Arrays / Enums,29,Part C,NEW ✨ (pending),How do you create and initialize a multidimensional array in Java?
2719,Theory,Java Fundamentals,Methods / Arrays / Enums,29,Part C,NEW ✨ (pending),What is the difference between a rectangular and a jagged multidimensional array?
2720,Theory,Java Fundamentals,Methods / Arrays / Enums,29,Part C,NEW ✨ (pending),What is the difference between array.length and String.length()?
2721,Theory,Java Fundamentals,Methods / Arrays / Enums,29,Part C,NEW ✨ (pending),How does System.arraycopy work?
2722,Theory,Java Fundamentals,Methods / Arrays / Enums,29,Part C,NEW ✨ (pending),What are common methods in java.util.Arrays?
2723,Theory,Java Fundamentals,Methods / Arrays / Enums,29,Part C,NEW ✨ (pending),What happens when you clone a one-dimensional array?
2724,Theory,Java Fundamentals,Methods / Arrays / Enums,12,EXISTING TECHNICAL,EXISTING,"What is an enum in Java, and how is it different from a set of constants?"
2725,Theory,Java Fundamentals,Methods / Arrays / Enums,12,Part B,NEW ✨ (pending),"Can Java enums have fields, constructors, methods, and implement interfaces?"
2726,Theory,Core Java,Generics Advanced,20,Part C,NEW ✨ (pending),What is type erasure in Java Generics?
2727,Theory,Core Java,Generics Advanced,20,Part C,NEW ✨ (pending),What information about generic type parameters is available at runtime?
2728,Theory,Core Java,Generics Advanced,20,Part C,NEW ✨ (pending),What is a bounded type parameter in Java Generics?
2729,Theory,Core Java,Generics Advanced,20,Part C,NEW ✨ (pending),What is the difference between <T extends Number> and an unbounded <T>?
2730,Theory,Core Java,Generics Advanced,20,Part D,NEW ✨ (pending),What is a wildcard in Java Generics?
2731,Theory,Core Java,Generics Advanced,20,Part D,NEW ✨ (pending),What is the difference between List<?> and List<Object>?
2732,Theory,Core Java,Generics Advanced,20,Part D,NEW ✨ (pending),What does ? extends T mean in Java Generics?
2733,Theory,Core Java,Generics Advanced,20,Part D,NEW ✨ (pending),What does ? super T mean in Java Generics?
2734,Theory,Core Java,Generics Advanced,20,Part D,NEW ✨ (pending),What is the PECS principle in Java Generics?
2735,Theory,Core Java,Generics Advanced,20,Part D,NEW ✨ (pending),Why can you usually read from a producer declared with ? extends T but not safely add values to it?
2736,Theory,Core Java,Generics Advanced,20,Part D,NEW ✨ (pending),Why can you add T values to a consumer declared with ? super T?
2737,Theory,Core Java,Generics Advanced,20,Part E,NEW ✨ (pending),"What is a generic method, and how is it declared?"
2738,Theory,Core Java,Generics Advanced,20,Part E,NEW ✨ (pending),How do generic methods differ from generic classes?
2739,Theory,Core Java,Generics Advanced,20,Part E,NEW ✨ (pending),Can a static method use a class-level generic type parameter?
2740,Theory,Core Java,Generics Advanced,20,Part E,NEW ✨ (pending),What is a recursive type bound such as <T extends Comparable<T>>?
2741,Theory,Core Java,Generics Advanced,20,Part E,NEW ✨ (pending),What are multiple bounds in Java Generics?
2742,Theory,Core Java,Generics Advanced,20,Part E,NEW ✨ (pending),Why must a class bound appear before interface bounds in a generic type declaration?
2743,Theory,Core Java,Generics Advanced,20,Part E,NEW ✨ (pending),"What are raw types, and why should they usually be avoided?"
2744,Theory,Core Java,Generics Advanced,20,Part F,NEW ✨ (pending),What kinds of unchecked warnings can generics produce?
2745,Theory,Core Java,Generics Advanced,20,Part F,NEW ✨ (pending),What is heap pollution in Java?
2746,Theory,Core Java,Generics Advanced,20,Part F,NEW ✨ (pending),What does @SafeVarargs do?
2747,Theory,Core Java,Generics Advanced,20,Part F,NEW ✨ (pending),Why is generic array creation restricted in Java?
2748,Theory,Core Java,Generics Advanced,20,Part F,NEW ✨ (pending),How do bridge methods relate to type erasure and polymorphism?
2749,Theory,Core Java,Generics Advanced,20,Part F,NEW ✨ (pending),How do wildcards affect method overloading?
2750,Theory,Core Java,Generics Advanced,20,Part F,NEW ✨ (pending),"What is the difference between covariance, contravariance, and invariance in the context of Java generics?"
2751,Theory,Core Java,Java I/O / NIO.2,50,Part B,NEW ✨ (pending),What is the difference between byte streams and character streams in Java?
2752,Theory,Core Java,Java I/O / NIO.2,50,Part B,NEW ✨ (pending),What is the difference between InputStream and Reader?
2753,Theory,Core Java,Java I/O / NIO.2,50,Part B,NEW ✨ (pending),What is the difference between OutputStream and Writer?
2754,Theory,Core Java,Java I/O / NIO.2,50,Part B,NEW ✨ (pending),What is the purpose of BufferedInputStream and BufferedOutputStream?
2755,Theory,Core Java,Java I/O / NIO.2,50,Part B,NEW ✨ (pending),What is the purpose of BufferedReader and BufferedWriter?
2756,Theory,Core Java,Java I/O / NIO.2,50,Part B,NEW ✨ (pending),What is the difference between BufferedReader and Scanner for reading text?
2757,Theory,Core Java,Java I/O / NIO.2,50,Part B,NEW ✨ (pending),What are FileInputStream and FileOutputStream used for?
2758,Theory,Core Java,Java I/O / NIO.2,50,Part C,NEW ✨ (pending),What are FileReader and FileWriter used for?
2759,Theory,Core Java,Java I/O / NIO.2,50,Part C,NEW ✨ (pending),"What is try-with-resources, and which objects can be used with it?"
2760,Theory,Core Java,Java I/O / NIO.2,50,Part C,NEW ✨ (pending),"What is AutoCloseable, and how does it support resource management?"
2761,Theory,Core Java,Java I/O / NIO.2,50,Part C,NEW ✨ (pending),In what order are multiple resources closed by try-with-resources?
2762,Theory,Core Java,Java I/O / NIO.2,50,Part C,NEW ✨ (pending),What happens to exceptions thrown while closing resources in try-with-resources?
2763,Theory,Core Java,Java I/O / NIO.2,50,Part C,NEW ✨ (pending),What are suppressed exceptions in Java?
2764,Theory,Core Java,Java I/O / NIO.2,50,Part C,NEW ✨ (pending),What is the difference between java.io.File and java.nio.file.Path?
2765,Theory,Core Java,Java I/O / NIO.2,50,Part D,NEW ✨ (pending),What is the purpose of the Files utility class in NIO.2?
2766,Theory,Core Java,Java I/O / NIO.2,50,Part D,NEW ✨ (pending),How do Files.readString and Files.writeString simplify text file operations?
2767,Theory,Core Java,Java I/O / NIO.2,50,Part D,NEW ✨ (pending),What is the difference between Files.readAllLines and streaming lines with Files.lines?
2768,Theory,Core Java,Java I/O / NIO.2,50,Part D,NEW ✨ (pending),"How do you copy, move, and delete files using java.nio.file.Files?"
2769,Theory,Core Java,Java I/O / NIO.2,50,Part D,NEW ✨ (pending),What is StandardOpenOption used for?
2770,Theory,Core Java,Java I/O / NIO.2,50,Part D,NEW ✨ (pending),"What is a Charset, and why does character encoding matter in file I/O?"
2771,Theory,Core Java,Java I/O / NIO.2,50,Part D,NEW ✨ (pending),What is the difference between UTF-8 and the platform default charset in Java applications?
2772,Theory,Core Java,Java I/O / NIO.2,50,Part E,NEW ✨ (pending),"What is a ByteBuffer, and what are position, limit, and capacity?"
2773,Theory,Core Java,Java I/O / NIO.2,50,Part E,NEW ✨ (pending),"What is the difference between flip(), clear(), rewind(), and compact() on a Buffer?"
2774,Theory,Core Java,Java I/O / NIO.2,50,Part E,NEW ✨ (pending),What is a Channel in Java NIO?
2775,Theory,Core Java,Java I/O / NIO.2,50,Part E,NEW ✨ (pending),What is the difference between blocking I/O and non-blocking I/O at the Java NIO level?
2776,Theory,Core Java,Java I/O / NIO.2,50,Part E,NEW ✨ (pending),What are FileChannel and SocketChannel used for?
2777,Theory,Core Java,Java I/O / NIO.2,50,Part E,NEW ✨ (pending),What is a Selector in Java NIO?
2778,Theory,Core Java,Java I/O / NIO.2,50,Part E,NEW ✨ (pending),"What is WatchService, and when would you use it?"
2779,Theory,Core Java,Java I/O / NIO.2,50,Part F,NEW ✨ (pending),What is memory-mapped file I/O with FileChannel.map()?
2780,Theory,Core Java,Java I/O / NIO.2,50,Part F,NEW ✨ (pending),What is the difference between serialization with ObjectOutputStream and ordinary file I/O?
2781,Coding,Database,Core JDBC,166,Part B,NEW ✨ (pending),What are the basic steps to execute a SQL query using JDBC?
2782,Theory,Database,Core JDBC,154,Part B,NEW ✨ (pending),"What is a JDBC Driver, and what role does DriverManager play?"
2783,Theory,Database,Core JDBC,166,Part B,NEW ✨ (pending),"What is the difference between Connection, Statement, PreparedStatement, and ResultSet?"
2784,Theory,Database,Core JDBC,381,EXISTING TECHNICAL,EXISTING,Why is PreparedStatement generally preferred over Statement?
2785,Theory,Database,Core JDBC,166,Part B,NEW ✨ (pending),How does PreparedStatement help reduce SQL injection risk?
2786,Theory,Database,Core JDBC,166,Part B,NEW ✨ (pending),"What is CallableStatement, and when would you use it?"
2787,Theory,Database,Core JDBC,166,Part B,NEW ✨ (pending),"What is the difference between executeQuery(), executeUpdate(), and execute()?"
2788,Theory,Database,Core JDBC,154,Part B,NEW ✨ (pending),How do you iterate through a ResultSet?
2789,Theory,Database,Core JDBC,154,Part B,NEW ✨ (pending),What are ResultSet cursor types?
2790,Theory,Database,Core JDBC,154,Part B,NEW ✨ (pending),What is the difference between TYPE_FORWARD_ONLY and scrollable ResultSets?
2791,Theory,Database,Core JDBC,154,Part B,NEW ✨ (pending),What are ResultSet concurrency modes?
2792,Theory,Database,Core JDBC,179,Part B,NEW ✨ (pending),How does JDBC transaction management work with setAutoCommit(false)?
2793,Theory,Database,Core JDBC,160,EXISTING TECHNICAL,EXISTING,How do commit() and rollback() work in JDBC?
2794,Theory,Database,Core JDBC,154,Part B,NEW ✨ (pending),What is a JDBC Savepoint?
2795,Theory,Database,Core JDBC,154,Part B,NEW ✨ (pending),How do you perform batch inserts or updates using JDBC?
2796,Theory,Database,Core JDBC,154,Part C,NEW ✨ (pending),"What is getGeneratedKeys(), and when is it useful?"
2797,Theory,Database,Core JDBC,154,Part C,NEW ✨ (pending),What is DatabaseMetaData used for?
2798,Theory,Database,Core JDBC,154,Part C,NEW ✨ (pending),What is ResultSetMetaData used for?
2799,Theory,Database,Core JDBC,179,Part B,NEW ✨ (pending),How do JDBC isolation levels map to transaction isolation concepts?
2800,Theory,Database,Core JDBC,179,Part B,NEW ✨ (pending),What is the difference between TRANSACTION_READ_COMMITTED and TRANSACTION_SERIALIZABLE in JDBC?
2801,Theory,Database,Core JDBC,154,Part C,NEW ✨ (pending),How should JDBC resources be closed safely?
2802,Job Experience; Production,Database,Core JDBC,154,EXPERIENCE FOLLOW-UP,NEW ✨ (pending),"What is a connection pool, and why is it important in enterprise Java applications?"
2803,Theory,Database,Core JDBC,154,Part C,NEW ✨ (pending),What problems can occur if JDBC Connections are leaked?
2804,Job Experience; Production,Database,Core JDBC,166,EXPERIENCE FOLLOW-UP,NEW ✨ (pending),How would you troubleshoot a slow JDBC query from a Java application?
2805,Theory,Database,Core JDBC,154,Part C,NEW ✨ (pending),"What is the difference between raw JDBC, JdbcTemplate, and JPA from a control and abstraction perspective?"
2806,Theory,Core Java,"Utilities, Numbers, Regex & Date/Time",5,Part C,NEW ✨ (pending),Why should BigDecimal usually be preferred over double for monetary calculations?
2807,Theory,Core Java,"Utilities, Numbers, Regex & Date/Time",5,Part C,NEW ✨ (pending),What is the difference between new BigDecimal(double) and BigDecimal.valueOf(double)?
2808,Theory,Core Java,"Utilities, Numbers, Regex & Date/Time",5,Part C,NEW ✨ (pending),What is scale in BigDecimal?
2809,Theory,Core Java,"Utilities, Numbers, Regex & Date/Time",5,Part C,NEW ✨ (pending),What is precision in BigDecimal?
2810,Theory,Core Java,"Utilities, Numbers, Regex & Date/Time",5,Part C,NEW ✨ (pending),Why can BigDecimal.equals() produce a different result from BigDecimal.compareTo()?
2811,Theory,Core Java,"Utilities, Numbers, Regex & Date/Time",5,Part C,NEW ✨ (pending),"What is RoundingMode, and when is it required with BigDecimal operations?"
2812,Theory,Core Java,"Utilities, Numbers, Regex & Date/Time",5,Part C,NEW ✨ (pending),When would you use BigInteger?
2813,Theory,Core Java,"Utilities, Numbers, Regex & Date/Time",50,Part F,NEW ✨ (pending),What are Pattern and Matcher in Java regular expressions?
2814,Theory,Core Java,"Utilities, Numbers, Regex & Date/Time",50,Part F,NEW ✨ (pending),"What is the difference between matches(), find(), and lookingAt() in Matcher?"
2815,Theory,Core Java,"Utilities, Numbers, Regex & Date/Time",50,Part F,NEW ✨ (pending),How do regex capturing groups work in Java?
2816,Theory,Core Java,"Utilities, Numbers, Regex & Date/Time",50,Part F,NEW ✨ (pending),"What are greedy, reluctant, and possessive quantifiers in Java regex?"
2817,Theory,Core Java,"Utilities, Numbers, Regex & Date/Time",45,Part B,NEW ✨ (pending),"What is the purpose of Scanner, and what are common pitfalls when mixing nextInt() and nextLine()?"
2818,Theory,Core Java,"Utilities, Numbers, Regex & Date/Time",45,Part B,NEW ✨ (pending),"What is StringTokenizer, and why is it less commonly used in modern Java code?"
2819,Theory,Core Java,"Utilities, Numbers, Regex & Date/Time",45,Part B,NEW ✨ (pending),"What is Formatter, and how is it related to String.format()?"
2820,Theory,Core Java,"Utilities, Numbers, Regex & Date/Time",45,Part B,NEW ✨ (pending),"What is Locale in Java, and why does locale-sensitive formatting matter?"
2821,Theory,Core Java,"Utilities, Numbers, Regex & Date/Time",45,Part B,NEW ✨ (pending),What are ResourceBundle objects used for?
2822,Theory,Core Java,"Utilities, Numbers, Regex & Date/Time",45,Part B,NEW ✨ (pending),"What is internationalization, or i18n, in Java?"
2823,Theory,Core Java,"Utilities, Numbers, Regex & Date/Time",45,Part B,NEW ✨ (pending),"What is the difference between Instant, LocalDate, LocalTime, LocalDateTime, OffsetDateTime, and ZonedDateTime?"
2824,Theory,Core Java,"Utilities, Numbers, Regex & Date/Time",45,Part C,NEW ✨ (pending),What is the difference between Period and Duration?
2825,Theory,Core Java,"Utilities, Numbers, Regex & Date/Time",45,Part C,NEW ✨ (pending),How does ZoneId represent a time zone?
2826,Theory,Core Java,"Utilities, Numbers, Regex & Date/Time",45,Part C,NEW ✨ (pending),Why is storing a timestamp as LocalDateTime sometimes unsafe for distributed systems?
2827,Theory,Core Java,"Utilities, Numbers, Regex & Date/Time",45,Part C,NEW ✨ (pending),How do DateTimeFormatter objects differ from SimpleDateFormat?
2828,Theory,Core Java,"Utilities, Numbers, Regex & Date/Time",45,Part C,NEW ✨ (pending),Why is java.time generally safer for concurrent applications than SimpleDateFormat?
2829,Theory,Core Java,"Utilities, Numbers, Regex & Date/Time",45,Part C,NEW ✨ (pending),"What is Optional, and what problem is it intended to address?"
2830,Theory,Core Java,"Utilities, Numbers, Regex & Date/Time",45,Part C,NEW ✨ (pending),"What does Optional.filter() do, and when can it simplify null-safe validation?"
2831,Theory,Concurrency,java.util.concurrent Utilities,75,Part B,NEW ✨ (pending),"What is a Semaphore, and what problem does it solve?"
2832,Theory,Concurrency,java.util.concurrent Utilities,75,Part B,NEW ✨ (pending),What is the difference between a binary semaphore and a Semaphore with multiple permits?
2833,Theory,Concurrency,java.util.concurrent Utilities,75,Part C,NEW ✨ (pending),"What is CountDownLatch, and when would you use it?"
2834,Theory,Concurrency,java.util.concurrent Utilities,75,Part C,NEW ✨ (pending),"What is CyclicBarrier, and how does it differ from CountDownLatch?"
2835,Theory,Concurrency,java.util.concurrent Utilities,75,Part C,NEW ✨ (pending),"What is Phaser, and how does it differ from CountDownLatch and CyclicBarrier?"
2836,Theory,Concurrency,java.util.concurrent Utilities,75,Part C,NEW ✨ (pending),"What is ReentrantLock, and how does it differ from synchronized?"
2837,Theory,Concurrency,java.util.concurrent Utilities,75,Part C,NEW ✨ (pending),What is lockInterruptibly() in ReentrantLock?
2838,Theory,Concurrency,java.util.concurrent Utilities,75,Part C,NEW ✨ (pending),"What is tryLock(), and when is it useful?"
2839,Theory,Concurrency,java.util.concurrent Utilities,75,Part C,NEW ✨ (pending),"What is a Condition, and how does it relate to wait() and notify()?"
2840,Theory,Concurrency,java.util.concurrent Utilities,75,Part D,NEW ✨ (pending),"What is ReadWriteLock, and when can it improve concurrency?"
2841,Theory,Concurrency,java.util.concurrent Utilities,75,Part D,NEW ✨ (pending),What is ReentrantReadWriteLock?
2842,Theory,Concurrency,java.util.concurrent Utilities,75,Part D,NEW ✨ (pending),"What is StampedLock, and what is optimistic reading?"
2843,Theory,Concurrency,java.util.concurrent Utilities,75,Part D,NEW ✨ (pending),What risks should you consider when using StampedLock?
2844,Theory,Concurrency,java.util.concurrent Utilities,75,Part D,NEW ✨ (pending),"What is BlockingQueue, and why is it useful for producer-consumer designs?"
2845,Theory,Concurrency,java.util.concurrent Utilities,75,Part D,NEW ✨ (pending),What is the difference between ArrayBlockingQueue and LinkedBlockingQueue?
2846,Theory,Concurrency,java.util.concurrent Utilities,75,Part D,NEW ✨ (pending),"What is SynchronousQueue, and when would you use it?"
2847,Theory,Concurrency,java.util.concurrent Utilities,75,Part E,NEW ✨ (pending),What is PriorityBlockingQueue?
2848,Theory,Concurrency,java.util.concurrent Utilities,75,Part E,NEW ✨ (pending),What is DelayQueue?
2849,Theory,Concurrency,java.util.concurrent Utilities,75,Part E,NEW ✨ (pending),"What is ConcurrentLinkedQueue, and how does it differ from a BlockingQueue?"
2850,Theory,Concurrency,java.util.concurrent Utilities,75,Part E,NEW ✨ (pending),"What is ForkJoinPool, and what problem is work stealing designed to solve?"
2851,Theory,Concurrency,java.util.concurrent Utilities,75,Part E,NEW ✨ (pending),"What is RecursiveTask, and how does it differ from RecursiveAction?"
2852,Theory,Concurrency,java.util.concurrent Utilities,75,Part E,NEW ✨ (pending),What is the common ForkJoinPool?
2853,Theory,Concurrency,java.util.concurrent Utilities,75,Part E,NEW ✨ (pending),"What is CompletionService, and when is it useful?"
2854,Theory,Concurrency,java.util.concurrent Utilities,75,Part F,NEW ✨ (pending),What is ExecutorCompletionService?
2855,Theory,Concurrency,java.util.concurrent Utilities,75,Part F,NEW ✨ (pending),"What is ScheduledExecutorService, and how does it differ from Timer?"
2856,Theory,Concurrency,java.util.concurrent Utilities,75,Part F,NEW ✨ (pending),What is the difference between scheduleAtFixedRate and scheduleWithFixedDelay?
2857,Theory,Concurrency,java.util.concurrent Utilities,75,Part F,NEW ✨ (pending),"What is LongAdder, and when can it outperform AtomicLong?"
2858,Theory,Concurrency,java.util.concurrent Utilities,75,Part F,NEW ✨ (pending),What is LongAccumulator?
2859,Theory,Concurrency,java.util.concurrent Utilities,75,Part F,NEW ✨ (pending),What is CompletableFuture.allOf() versus anyOf()?
2860,Theory,Concurrency,java.util.concurrent Utilities,75,Part F,NEW ✨ (pending),How would you design backpressure or bounded concurrency when submitting large numbers of tasks?
2861,Theory,Core Java,Java Networking,220,Part B,NEW ✨ (pending),What is the difference between Socket and ServerSocket in Java?
2862,Coding,Core Java,Java Networking,220,Part B,NEW ✨ (pending),What are the basic steps for creating a TCP client with java.net.Socket?
2863,Coding,Core Java,Java Networking,220,Part B,NEW ✨ (pending),What are the basic steps for creating a TCP server with ServerSocket?
2864,Theory,Core Java,Java Networking,220,Part B,NEW ✨ (pending),"What is DatagramSocket, and how is UDP communication different from TCP?"
2865,Theory,Core Java,Java Networking,220,Part B,NEW ✨ (pending),What is InetAddress used for?
2866,Theory,Core Java,Java Networking,220,Part B,NEW ✨ (pending),What is the difference between URI and URL in Java?
2867,Theory,Core Java,Java Networking,220,Part B,NEW ✨ (pending),What does URLConnection provide?
2868,Theory,Core Java,Java Networking,220,Part C,NEW ✨ (pending),"What is HttpURLConnection, and why is it considered a lower-level legacy HTTP API?"
2869,Theory,Core Java,Java Networking,220,Part C,NEW ✨ (pending),What is java.net.http.HttpClient?
2870,Theory,Core Java,Java Networking,220,Part C,NEW ✨ (pending),What is the difference between synchronous and asynchronous requests with HttpClient?
2871,Theory,Core Java,Java Networking,220,Part C,NEW ✨ (pending),What are HttpRequest and HttpResponse in the Java HTTP Client API?
2872,Theory,Core Java,Java Networking,220,Part C,NEW ✨ (pending),How do you configure connection and request timeouts with Java HTTP clients?
2873,Theory,Core Java,Java Networking,220,Part C,NEW ✨ (pending),How does Java handle redirects with HttpClient?
2874,Coding,Core Java,Java Networking,220,Part C,NEW ✨ (pending),How would you send JSON in an HTTP POST request using the standard Java HTTP Client?
2875,Theory,Core Java,Java Networking,220,Part D,NEW ✨ (pending),What resources must be managed carefully in socket programming to avoid leaks or stalled connections?
2876,Theory,Engineering Setup,JDK Tools,49,Part B,NEW ✨ (pending),What does the javac command do?
2877,Theory,Engineering Setup,JDK Tools,49,Part B,NEW ✨ (pending),What does the java launcher do?
2878,Theory,Engineering Setup,JDK Tools,49,Part B,NEW ✨ (pending),What does the jar tool do?
2879,Theory,Engineering Setup,JDK Tools,49,Part B,NEW ✨ (pending),What is the purpose of javap?
2880,Theory,Engineering Setup,JDK Tools,49,Part B,NEW ✨ (pending),How can javap be used to inspect bytecode or class signatures?
2881,Theory,Engineering Setup,JDK Tools,49,Part B,NEW ✨ (pending),"What is javadoc, and how are API documentation comments generated?"
2882,Theory,Engineering Setup,JDK Tools,49,Part C,NEW ✨ (pending),"What is jdb, and what kind of debugging can it perform?"
2883,Theory,Engineering Setup,JDK Tools,49,Part C,NEW ✨ (pending),"What is jshell, and when is it useful?"
2884,Theory,Engineering Setup,JDK Tools,49,Part C,NEW ✨ (pending),What does jdeps analyze?
2885,Theory,Engineering Setup,JDK Tools,49,Part C,NEW ✨ (pending),"What is jlink, and what problem does it solve?"
2886,Theory,Engineering Setup,JDK Tools,49,Part C,NEW ✨ (pending),"What is jpackage, and what kinds of application packages can it create?"
2887,Theory,Engineering Setup,JDK Tools,49,Part C,NEW ✨ (pending),What is the difference between the classpath and the module path?
2888,Theory,Engineering Setup,JDK Tools,49,Part C,NEW ✨ (pending),How do you specify a classpath when compiling and running Java code from the command line?
2889,Theory,Engineering Setup,JDK Tools,49,Part D,NEW ✨ (pending),What is a manifest file inside a JAR?
2890,Theory,Engineering Setup,JDK Tools,49,Part D,NEW ✨ (pending),What does the Main-Class manifest attribute do in an executable JAR?
2891,Theory,JVM & Runtime,JPMS / module-info.java,49,Part E,NEW ✨ (pending),"What is the Java Platform Module System, or JPMS?"
2892,Theory,JVM & Runtime,JPMS / module-info.java,49,Part E,NEW ✨ (pending),What problem was JPMS designed to address?
2893,Theory,JVM & Runtime,JPMS / module-info.java,49,Part E,NEW ✨ (pending),What is module-info.java?
2894,Theory,JVM & Runtime,JPMS / module-info.java,49,Part E,NEW ✨ (pending),What does requires mean in a module descriptor?
2895,Theory,JVM & Runtime,JPMS / module-info.java,49,Part E,NEW ✨ (pending),What does exports mean in a module descriptor?
2896,Theory,JVM & Runtime,JPMS / module-info.java,49,Part E,NEW ✨ (pending),What does opens mean in a module descriptor?
2897,Theory,JVM & Runtime,JPMS / module-info.java,49,Part E,NEW ✨ (pending),What is the difference between exports and opens?
2898,Theory,JVM & Runtime,JPMS / module-info.java,49,Part F,NEW ✨ (pending),What does requires transitive mean?
2899,Theory,JVM & Runtime,JPMS / module-info.java,49,Part F,NEW ✨ (pending),What does requires static mean?
2900,Theory,JVM & Runtime,JPMS / module-info.java,49,Part F,NEW ✨ (pending),What are automatic modules?
2901,Theory,JVM & Runtime,JPMS / module-info.java,49,Part F,NEW ✨ (pending),What is the unnamed module?
2902,Theory,JVM & Runtime,JPMS / module-info.java,49,Part F,NEW ✨ (pending),"What is the module path, and how is it different from the classpath?"
2903,Theory,JVM & Runtime,JPMS / module-info.java,49,Part F,NEW ✨ (pending),What is split-package conflict in a modular Java application?
2904,Theory,JVM & Runtime,JPMS / module-info.java,49,Part F,NEW ✨ (pending),How does reflection interact with strongly encapsulated modules?
2905,Theory,JVM & Runtime,JPMS / module-info.java,49,Part G,NEW ✨ (pending),"What are services, uses, and provides...with in JPMS?"
2906,Theory,Modern Java,Java 9-26 Language Features,49,Part G,NEW ✨ (pending),"What is local variable type inference with var, and where can var be used?"
2907,Theory,Modern Java,Java 9-26 Language Features,49,Part G,NEW ✨ (pending),Where is var not allowed in Java?
2908,Theory,Modern Java,Java 9-26 Language Features,49,Part H,NEW ✨ (pending),"What is a switch expression, and how does it differ from a traditional switch statement?"
2909,Theory,Modern Java,Java 9-26 Language Features,49,Part H,NEW ✨ (pending),What is the yield keyword in a switch expression?
2910,Theory,Modern Java,Java 9-26 Language Features,49,Part H,NEW ✨ (pending),What are arrow labels in modern switch syntax?
2911,Theory,Modern Java,Java 9-26 Language Features,49,Part H,NEW ✨ (pending),What is pattern matching for instanceof?
2912,Theory,Modern Java,Java 9-26 Language Features,49,Part H,NEW ✨ (pending),How does pattern matching for switch reduce explicit casts?
2913,Theory,Modern Java,Java 9-26 Language Features,49,Part H,NEW ✨ (pending),What is a record in Java?
2914,Theory,Modern Java,Java 9-26 Language Features,49,Part H,NEW ✨ (pending),What members does the compiler generate for a record?
2915,Theory,Modern Java,Java 9-26 Language Features,49,Part I,NEW ✨ (pending),Can a record declare additional methods and constructors?
2916,Theory,Modern Java,Java 9-26 Language Features,49,Part I,NEW ✨ (pending),What restrictions apply to record instance fields?
2917,Theory,Modern Java,Java 9-26 Language Features,49,Part I,NEW ✨ (pending),What is a sealed class or sealed interface?
2918,Theory,Modern Java,Java 9-26 Language Features,49,Part I,NEW ✨ (pending),"What are permits, final, sealed, and non-sealed in a sealed hierarchy?"
2919,Theory,Modern Java,Java 9-26 Language Features,49,Part I,NEW ✨ (pending),How can sealed types improve exhaustive switch handling?
2920,Theory,Modern Java,Java 9-26 Language Features,49,Part I,NEW ✨ (pending),What are text blocks in Java?
2921,Theory,Modern Java,Java 9-26 Language Features,49,Part I,NEW ✨ (pending),How do text blocks handle indentation and embedded quotation marks?
2922,Theory,Modern Java,Java 9-26 Language Features,49,Part J,NEW ✨ (pending),What are record patterns?
2923,Theory,Modern Java,Java 9-26 Language Features,49,Part J,NEW ✨ (pending),What are guarded patterns in pattern-matching switch constructs?
2924,Theory,Modern Java,Java 9-26 Language Features,49,Part J,NEW ✨ (pending),What are unnamed variables and unnamed patterns in modern Java?
2925,Theory,Modern Java,Java 9-26 Language Features,49,Part J,NEW ✨ (pending),What are compact source files and instance main methods?
2926,Theory,Modern Java,Java 9-26 Language Features,49,Part J,NEW ✨ (pending),What are module import declarations in modern Java?
2927,Theory,Modern Java,Java 9-26 Language Features,49,Part J,NEW ✨ (pending),"What are flexible constructor bodies, and what changed compared with older constructor rules?"
2928,Theory,Modern Java,Java 9-26 Language Features,49,Part J,NEW ✨ (pending),"What is string templates preview history, and why should developers check feature status before using preview language features?"
2929,Theory,Modern Java,Java 9-26 Language Features,49,Part K,NEW ✨ (pending),What are primitive patterns in modern Java preview features?
2930,Theory,Modern Java,Java 9-26 Language Features,49,Part K,NEW ✨ (pending),What does --enable-preview mean when compiling and running Java code?
2931,Theory,JVM & Runtime,Advanced Reflection / Runtime,56,Part B,NEW ✨ (pending),What is a dynamic proxy in Java?
2932,Theory,JVM & Runtime,Advanced Reflection / Runtime,56,Part B,NEW ✨ (pending),How does java.lang.reflect.Proxy create interface-based proxies?
2933,Theory,JVM & Runtime,Advanced Reflection / Runtime,56,Part B,NEW ✨ (pending),What is InvocationHandler?
2934,Theory,JVM & Runtime,Advanced Reflection / Runtime,56,Part B,NEW ✨ (pending),What are the limitations of JDK dynamic proxies?
2935,Theory,JVM & Runtime,Advanced Reflection / Runtime,56,Part B,NEW ✨ (pending),"What is MethodHandle, and how is it different from java.lang.reflect.Method?"
2936,Theory,JVM & Runtime,Advanced Reflection / Runtime,56,Part B,NEW ✨ (pending),What is MethodHandles.Lookup?
2937,Theory,JVM & Runtime,Advanced Reflection / Runtime,56,Part B,NEW ✨ (pending),"What is VarHandle, and what kinds of operations can it perform?"
2938,Theory,JVM & Runtime,Advanced Reflection / Runtime,56,Part C,NEW ✨ (pending),How can VarHandle provide atomic or memory-ordering operations?
2939,Theory,JVM & Runtime,Advanced Reflection / Runtime,56,Part C,NEW ✨ (pending),"What is ServiceLoader, and how does the Java SPI mechanism work?"
2940,Theory,JVM & Runtime,Advanced Reflection / Runtime,56,Part C,NEW ✨ (pending),What is the difference between Class.getDeclaredMethods() and Class.getMethods()?
2941,Theory,JVM & Runtime,Advanced Reflection / Runtime,56,Part C,NEW ✨ (pending),What is the difference between getDeclaredFields() and getFields()?
2942,Theory,JVM & Runtime,Advanced Reflection / Runtime,56,Part C,NEW ✨ (pending),"What does setAccessible() historically do, and how does strong module encapsulation affect it?"
2943,Theory,JVM & Runtime,Advanced Reflection / Runtime,56,Part C,NEW ✨ (pending),What is the difference between ClassLoader.loadClass() and Class.forName() regarding initialization?
2944,Theory,JVM & Runtime,Advanced Reflection / Runtime,56,Part C,NEW ✨ (pending),"What are hidden classes, and what kinds of frameworks may use them?"
2945,Theory,JVM & Runtime,Advanced Reflection / Runtime,56,Part D,NEW ✨ (pending),"What is the StackWalker API, and why might it be preferred over constructing a Throwable just to inspect the stack?"
2946,Theory,JVM & Runtime,Reference Types / Cleaner,59,Part E,NEW ✨ (pending),What is a WeakReference in Java?
2947,Theory,JVM & Runtime,Reference Types / Cleaner,59,Part F,NEW ✨ (pending),What is a SoftReference in Java?
2948,Theory,JVM & Runtime,Reference Types / Cleaner,59,Part F,NEW ✨ (pending),What is a PhantomReference in Java?
2949,Theory,JVM & Runtime,Reference Types / Cleaner,59,Part F,NEW ✨ (pending),"How do WeakReference, SoftReference, and PhantomReference differ?"
2950,Theory,JVM & Runtime,Reference Types / Cleaner,59,Part F,NEW ✨ (pending),"What is ReferenceQueue, and how is it used?"
2951,Theory,JVM & Runtime,Reference Types / Cleaner,59,Part F,NEW ✨ (pending),How does WeakHashMap use weak references?
2952,Theory,JVM & Runtime,Reference Types / Cleaner,314,EXISTING TECHNICAL,EXISTING,Why should SoftReference generally not be treated as a reliable application cache policy?
2953,Theory,JVM & Runtime,Reference Types / Cleaner,59,Part F,NEW ✨ (pending),What is Cleaner in Java?
2954,Theory,JVM & Runtime,Reference Types / Cleaner,59,Part F,NEW ✨ (pending),How is Cleaner different from finalization?
2955,Theory,JVM & Runtime,Reference Types / Cleaner,59,Part G,NEW ✨ (pending),"Why was finalization deprecated for removal, and what resource-management approaches should replace it?"
2956,Theory,JVM & Runtime,JNI / Foreign Function & Memory API,49,Part D,NEW ✨ (pending),"What is JNI, and when might a Java application need it?"
2957,Theory,JVM & Runtime,JNI / Foreign Function & Memory API,49,Part D,NEW ✨ (pending),What risks and maintenance costs come with JNI?
2958,Theory,JVM & Runtime,JNI / Foreign Function & Memory API,49,Part D,NEW ✨ (pending),What is the Foreign Function and Memory API intended to provide?
2959,Theory,JVM & Runtime,JNI / Foreign Function & Memory API,49,Part D,NEW ✨ (pending),What is a MemorySegment in the Foreign Function and Memory API?
2960,Theory,JVM & Runtime,JNI / Foreign Function & Memory API,49,Part D,NEW ✨ (pending),How does the Foreign Function and Memory API differ conceptually from JNI?
